ACTEVT,Activity Event Code
ASSET,Total assets
BRANCH,BRANCHING
CALLFORM,Call Form Number
CB,Community Bank
CBSADIV,Core Based Statistical Division Number
CBSANAME,Core Based Statistical Division Name
STMULT,Multi State Offices Flag
ADDRESS,ADDRESS
CBLRIND,Community Bank Ratio
CD1T3,"TIME DEP $250,000 OR MORE REMAINING MATURITY REPRICING OF 1-3 YEARS"
CD1T3R,"TIME DEP $250,000 OR MORE REMAINING MATURITY REPRICING OF 1-3 YEARS RATIO"
CD3LES,"TIME DEP $250,000 OR MORE REMAINING MATURITY REPRICING OF 3 MONTH OR LESS"
CD3LESR,"TIME DEP $250,000 OR MORE REMAINING MATURITY REPRICING OF 3 MONTH OR LESS RATIO"
CD3LESS,"TIME DEP $250,000 OR LESS REMAINING MATURITY REPRICING OF 3 MONTH OR LESS"
CD3LESSR,"TIME DEP $250,000 OR LESS REMAINING MATURITY REPRICING OF 3 MONTH OR LESS RATIO"
CDOV3,"TIME DEP $250,000 OR MORE REMAINING MATURITY OR REPRICING OVER 3 YEARS"
CDOV3R,"TIME DEP $250,000 OR MORE REMAINING MATURITY OR REPRICING OVER 3 YEARS RATIO"
CDOV3S,"TIME DEP $250,000 OR LESS REMAINING MATURITY OR REPRICING OVER 3 YEARS"
CDOV3SR,"TIME DEP $250,000 OR LESS REMAINING MATURITY OR REPRICING OVER 3 YEARS RATIO"
CD3T12,"TIME DEP $250,000 OR MORE REMAINING MATURITY OR REPRICING 3-12 MONTHS"
CD3T12R,"TIME DEP $250,000 OR MORE REMAINING MATURITY OR REPRICING 3-12 MONTHS RATIO"
CD3T12S,"TIME DEP $250,000 OR LESS REMAINING MATURITY OR REPRICING 3-12 MONTHS"
CD3T12SR,"TIME DEP $250,000 OR LESS REMAINING MATURITY OR REPRICING 3-12 MONTHS RATIO"
CD1T3S,"TIME DEP $250,000 OR LESS REMAINING MATURITY OR REPRICING 1-3 YEARS"
CD1T3SR,"TIME DEP $250,000 OR LESS REMAINING MATURITY OR REPRICING 1-3 YEARS RATIO"
CERT,FDIC Certificate #
CERTCONS,Directly owned by another bank (CERT)
CITYHCR,City of High Holder
CLCODE,Classcode
CLOSED,Closed Institution Flag
CMSA,FIPS CMSA Code
CNTRYALP,FIPS Country Code
CNTRYNUM,FIPS Country Number
CNTYNUM,FIPS County Number
CSA,Combined Statistical Area
DENOVO,Denovo Institution
DEP,Total deposits
DEPR,TOTAL DEPOSITS RATIO
DEPDOM,Deposits held in domestic offices
DEPDOMR,DEPOSITS HELD IN DOM OFF RATIO
DIVISION,Division Flag
DOCKET,Docket Number
EDGECODE,International Activity Flag
ENTTYPE,Entity Type
EQ,Equity capital
EQ2,Equity capital
EQR,EQUITY CAPITAL RATIO
FAILED,Failed Institution Flag
FDICAREA,FDIC Compliance Area
FDICTERR,FDIC Compliance Territory
FLDOFDCA,DCA Field Office
FORM31,FFIEC Call Report 31 Filer
HCTMULT,Bank Holding Company Type
HCTNONE,Bank Not Member of Hold Company
INSAGNT2,Secondary Insurer
INSBIF,TBD
INSDIF,Deposit Insurance Fund member
INSTAG,Agricultural lending institution indicator
INSTCRCD,Credit Card Institutions
INSSAIF,SAIF Insured
MINORITY,MINORITY OWNED INSTITUTIONS
MUTUAL,Ownership Type
NAMEHCR,Bank Holding Company (Regulatory Top Holder)
NETINC,Net income
NETINCR,NET INCOME - RATIO
NETINCQ,Net income - quarterly
NETINCQA,Net income - quarterly
NETINCQR,NET INCOME - QUARTERLY RATIO
OFFDOM,Number of Domestic Offices
OFFFOR,Number of Foreign Offices
OFFOA,Number of US Offices
PARCERT,Directly owned by another bank (CERT)
L_REPDTE,Report Date
REPDTE_RAW,Report Date
REPDTE,Report Date
REPYEAR,REPORT YEAR
RISDATE,Report Date
ROA,Return on assets (ROA)
ROAPTX,Pretax return on assets
ROAPTXQ,Quarterly Pretax return on assets
ROAQ,Quarterly return on assets
ROE,Return on Equity (ROE)
ROEQ,Quarterly return on equity
RSSDHCR,RSSDID - High Regulatory Holder
SPECGRP,Asset Concentration Hierarchy
SPECGRPDESC,Asset Concentration Hierarchy Description
STALPHCR,Regulatory holding company state location
SUBCHAPS,Subchapter S Corporations
TRACT,
TRUST,Trust Powers
ACEPT,BANKS LIABILITY ON ACCEPTANCES
ACTIVE,ACTIVE INSTITUTION FLAG
BKCLASS,INSTITUTION CLASS
BKPREM,PREMISES AND FIXED ASSETS
BKPREMR,PREMISES AND FIXED ASSETS RATIO
BRO,BROKERED DEP
BROR,BROKERED RATIO
CALLYM,REPORT DATE (CCYYMM)
CHBAL,CASH & DUE FROM DEPOSITORY INST
CHBALR,CASH & DUE FROM DEPOSITORY INST RATIO
CHBALI,INTEREST-BEARING CASH & DUE
CHBALIR,INTEREST-BEARING CASH & DUE RATIO
CHRTAGNT,CHARTER AGENT
CONSERVE,RTC CONSERVATORSHIP FLAG
CRLNLS,TOTAL LN&LS RECOVERIES
CRLNLSR,TOTAL LN&LS RECOVERIES RATIO
CRLNLSQ,TOTAL LN&LS RECOVERIES QUARTERLY
CRLNLSQR,TOTAL LN&LS RECOVERIES QUARTERLY RATIO
CUSLI,CUSTOMERS ACCEPTANCES
DDT,DDA TRANS-TOTAL
DDTR,DDA TRANS-TOTAL RATIO
DEPFOR,TOTAL DEPOSITS-FOR
DEPFORR,TOTAL DEPOSITS-FOR RATIO
DEPI,INTEREST-BEARING DEP
DEPIFOR,INTEREST-BEARING DEP-FOR
DEPIFORR,INTEREST-BEARING DEP-FOR RATIO
DEPIPCCF,IPC & OFFICIAL CHECKS-FOR
DEPIPCCFR,IPC & OFFICIAL CHECKS-FOR RATIO
DEPIPCF,IPC-FOR
DEPNI,NONINTEREST-BEARING DEP
DEPNIFOR,NONINTEREST-BEARING DEP-FOR
DEPNIFORR,NONINTEREST-BEARING DEP-FOR RATIO
DRLNLS,TOTAL LN&LS CHARGE-OFFS
DRLNLSR,TOTAL LN&LS CHARGE-OFFS RATIO
DRLNLSQ,TOTAL LN&LS CHARGE-OFFS QUARTERLY
DRLNLSQR,TOTAL LN&LS CHARGE-OFFS QUARTERLY RATIO
EAMINTAN,AMORT & IMPAIR LOSS AST
EAMINTANR,AMORT & IMPAIR LOSS AST RATIO
EAMINTQ,AMORT & IMPAIR LOSS AST QUARTERLY
EAMINTQR,AMORT & IMPAIR LOSS AST QUARTERLY RATIO
EDEP,DEPOSIT INTEREST EXPENSE
EDEPDOM,DEPOSIT INTEREST EXPENSE-DOM
EDEPDOMR,DEPOSIT INTEREST EXPENSE-DOM RATIO
EDEPDOMQ,DEPOSIT INTEREST EXPENSE-DOM QUARTERLY
EDEPDOMQR,DEPOSIT INTEREST EXPENSE-DOM QUARTERLY RATIO
EDEPFOR,DEPOSIT INTEREST EXPENSE-FOR
EDEPFORR,DEPOSIT INTEREST EXPENSE-FOR RATIO
EDEPFORQ,DEPOSIT INTEREST EXPENSE-FOR QUARTERLY
EDEPFORQR,DEPOSIT INTEREST EXPENSE-FOR QUARTERLY RATIO
EFHLBADV,ADVANCES FROM FHLBANK INT EXP
EFREPP,FED FUNDS & REPOS INT EXPENSE
EFREPPR,FED FUNDS & REPOS INT EXPENSE RATIO
EFREPPQ,FED FUNDS & REPOS INT EXPENSE QUARTERLY
EFREPPQR,FED FUNDS & REPOS INT EXPENSE QUARTERLY RATIO
EINTEXP,TOTAL INTEREST EXPENSE
EINTEXPR,TOTAL INTEREST EXPENSE RATIO
EINTXQ,TOTAL INTEREST EXPENSE QUARTERLY
EINTXQA,TOTAL INTEREST EXPENSE QUARTERLY
EINTEXPA,TOTAL INTEREST EXPENSE ANNUALLY
EINTXQR,TOTAL INTEREST EXPENSE QUARTERLY RATIO
ELNATR,PROVISIONS FOR CREDIT LOSSES
ELNATRR,PROVISIONS FOR CREDIT LOSSES RATIO
ELNATQ,PROVISIONS FOR CREDIT LOSSES QUARTERLY
ELNATQA,PROVISIONS FOR CREDIT LOSSES QUARTERLY
ELNATQR,PROVISIONS FOR CREDIT LOSSES QUARTERLY RATIO
ELNLOSQ,PROVISIONS FOR CREDIT LOSSES QUARTERLY RATIO
NTTOTQ,PROVISIONS FOR CREDIT LOSSES QUARTERLY RATIO
ELNLOS,PROVISIONS FOR LN & LEASE LOSSES
EMTGLS,MORTGAGE DEBT INTEREST EXPENSE
ADDNONINTEXP,ADDITIONAL NONINTEREST EXPENSE
ADDNONINTEXPR,ADDITIONAL NONINTEREST EXPENSE RATIO
ADDNONINTEXPQ,ADDITIONAL NONINTEREST EXPENSE QUARTERLY
ADDNONINTEXPQR,ADDITIONAL NONINTEREST EXPENSE QUARTERLY RATIO
EOTHNINT,ALL OTHER NONINTEREST EXPENSE
EOTHNINTR,ALL OTHER NONINTEREST EXPENSE RATIO
EOTHNINQ,ALL OTHER NONINTEREST EXPENSE QUARTERLY
EOTHNINQR,ALL OTHER NONINTEREST EXPENSE QUARTERLY RATIO
EPREMAGG,PREMISES & FIXED ASSETS EXPENSE
EPREMAGGR,PREMISES & EQUIPMENT EXPENSE RATIO
EPREMAGQ,PREMISES & FIXED ASSETS EXPENSE QUARTERLY
EPREMAGQR,PREMISES & EQUIPMENT EXPENSE QUARTERLY RATIO
EQCDIV,CASH DIVIDENDS ON COMM & PREF
EQCDIVR,CASH DIVIDENDS ON COMM & PREF RATIO
EQCDIVC,CASH DIVIDENDS ON COMM STOCK
EQCDIVCR,CASH DIVIDENDS ON COMM STOCK RATIO
EQCDIVP,CASH DIVIDENDS ON PREF STOCK
EQCDIVPR,CASH DIVIDENDS ON PREF STOCK RATIO
EQCDIVQ,CASH DIVIDENDS ON COMM & PREF QUARTERLY
EQCDIVQR,CASH DIVIDENDS ON COMM & PREF QUARTERLY RATIO
EQCFCTA,EQCFCTA
EQCONSUB,MINOR INT IN CONSOL SUBS-EQ
EQCS,COMMON STOCK
EQCSR,COMMON STOCK RATIO
EQNWCERT,NET WORTH CERTIFICATES
EQOTHCC,OTHER EQUITY CAPITAL COMPONENTS
EQPP,PERPETUAL PREFERRED STOCK
EQPPR,PERPETUAL PREFERRED STOCK RATIO
EQSUR,SURPLUS
EQSURR,SURPLUS RATIO
EQUP,EQUP
EQUPTOT,UP-NET & OTHER CAPITAL COMP
EQUPTOTR,UP-NET & OTHER CAPITAL RATIO
ESAL,SALARIES AND EMPLOYEE BENEFITS
ESALR,SALARIES AND EMPLOYEE BENEFITS RATIO
ESALQ,SALARIES AND EMPLOYEE BENEFITS QUARTERLY
ESALQR,SALARIES AND EMPLOYEE BENEFITS QUARTERLY RATIO
ESUBND,SUBORDINATED NOTES INT EXPENSE
ETTLOTBO,TT&L & OTHER BORROWINGS INT EXP
EXTRA,NET DISCONTINUED OPERATIONS
EXTRAR,NET DISCONTINUED RATIO
EXTRAQ,NET DISCONTINUED OPERATIONS QUARTERLY
EXTRAQR,NET DISCONTINUED OPERATIONS QUARTERLY RATIO
FDICDBS,FDIC REGION
FDICDBSDESC,FDIC REGION DESC
FDICSUPV,FDIC REGION - SUPERVISORY
FDICSUPVDESC,FDIC REGION - SUPERVISORY DESC
FED,FED DISTRICT
FEDDESC,FED DISTRICT DESC
FEDCHRTR,FEDERAL CHARTER FLAG
FLDOFF,FDIC RISK MANAGEMENT FIELD OFFICE
FORCHRTR,FOREIGN CHARTER FLAG
FORMCFR,COMMERCIAL FINANCIAL REPORT FLAG
FREPO,FED FUNDS & REPOS SOLD
FREPOR,FED FUNDS & REPOS SOLD
FREPP,FED FUNDS & REPOS PURCHASED
FREPPR,FED FUNDS & REPOS PURCHASED RATIO
FRSMEM,FRS MEMBER FLAG
HCTONE,MEMBER OF A ONE BANK HOLDING CO
IBA,INTL BANKING ACT ENTITY FLAG
IBEFTAX,INCOME BEFORE INC TAXES & DISC
ICHBAL,DEPOSITORY INSTITUTIONS INT INC
ICHBALR,BALANCES FROM DEPOSITORY INSTITUTIONS YTD RATIO
ICHBALQ,DEPOSITORY INSTITUTIONS INT INC QUARTERLY
ICHBALQR,DEPOSITORY INSTITUTIONS INT INC QUARTERLY RATIO
IFREPO,FED FUNDS & REPO INTEREST INCOME
IFREPOR,FEDERAL FUNDS SOLD YTD RATIO
IFREPOQ,FED FUNDS & REPO INTEREST INCOME QUARTERLY
IFREPOQR,FED FUNDS & REPO INTEREST INCOME QUARTERLY RATIO
IGLSEC,SECURITIES GAINS AND LOSSES
IGLSECR,SECURITIES GAINS AND LOSSES RATIO
IGLSECQR,SECURITIES GAINS AND LOSSES QUARTERLY RATIO
ILNDOM,LOAN INCOME-DOM
ILNDOMR,DOMESTIC OFFICE LOANS YTD RATIO
ILNDOMQ,LOAN INCOME-DOM QUARTERLY
ILNDOMQR,LOAN INCOME-DOM QUARTERLY RATIO
ILNFOR,LOAN INCOME-FOR
ILNFORR,FOREIGN OFFICE LOANS YTD RATIO
ILNFORQ,LOAN INCOME-FOR QUARTERLY
ILNFORQR,LOAN INCOME-FOR QUARTERLY RATIO
ILS,LEASE INCOME
ILSR,LEASE FINANCING RECEIVABLES YTD RATIO
ILSQ,LEASE INCOME QUARTERLY
ILSQR,LEASE INCOME QUARTERLY RATIO
INSALL,INSURED INSTITUTION FLAG
INSCOML,INSURED COMMERCIAL FLAG
INSFDIC,FDIC INSURED FLAG
INSNONE,NOT FEDERALLY INSURED FLAG
INSSAVE,INSURED SAVINGS INSTITUTION FLAG
INSTCOML,COMMERCIAL INSTITUTION FLAG
INSTSAVE,SAVING & S&L INSTITUTION FLAG
INSTTYPE,INSTITUTION TYPE
INTAN,INTANGIBLE ASSETS
INTANR,INTANGIBLE ASSETS RATIO
INTEXPY,INTEREST EXPENSE TO EARNING ASSETS RATIO
INTEXPYQ,COST OF FUNDING EARNING ASSETS QUARTERLY
INTINC,TOTAL INTEREST INCOME
INTINCR,TOTAL INTEREST INCOME YTD RATIO
INTINQ,TOTAL INTEREST INCOME QUARTERLY
INTINQR,TOTAL INTEREST INCOME QUARTERLY RATIO
INTINQA,null
INVSUB,INVEST IN UNCONSOLIDATED SUBS
INVSUORE,INVESTMENTS IN RE
IOTHFEE,OTHER FEE INCOME
IOTHII,OTHER INTEREST INCOME
IOTHIIR,OTHER INTEREST INCOME YTD RATIO
IOTHIIQ,OTHER INTEREST INCOME QUARTERLY
IOTHIIQR,OTHER INTEREST INCOME QUARTERLY RATIO
IRAKEOGH,IRAS AND KEOGH PLANS-DEPOSITS
IRAKEOGHR,IRAS AND KEOGH PLANS-DEPOSITS RATIO
ISC,TOTAL SECURITY INCOME
ISCR,SECURITIES YTD RATIO
ISCQ,TOTAL SECURITY INCOME QUARTERLY
ISCQR,TOTAL SECURITY INCOME QUARTERLY RATIO
ISERCHG,SERVICE CHARGE ON DEPOSIT ACCTS
ISERCHGR,SERVICE CHARGE ON DEPOSIT ACCTS RATIO
ITAX,APPLICABLE INCOME TAXES
ITAXR,APPLICABLE INCOME TAXES RATIO
ITAXQ,APPLICABLE INCOME TAXES QUARTERLY
ITAXQR,APPLICABLE INCOME TAXES QUARTERLY RATIO
ITRADE,INTEREST INCOME ON TRADING ACCTS
ITRADER,TRADING ACCOUNTS YTD RATIO
ITRADEQ,INTEREST INCOME ON TRADING ACCTS QUARTERLY
ITRADEQR,INTEREST INCOME ON TRADING ACCTS QUARTERLY RATIO
LIAB,TOTAL LIABILITIES
LIABR,TOTAL LIABILITIES RATIO
LIABEQ,TOTAL LIABILITIES & CAPITAL
LIABEQR,TOTAL LIABILITIES & CAPITAL RATIO
LIPMTG,MORTGAGE LOANS IN PROCESS
LLPFDSTK,LIMITED-LIFE PREFERRED STOCK
LNACOTH,ACCEPTANCES OF OTHER BANKS
LNAG,AGRICULTURAL LOANS
LNAGR,AGRICULTURAL LOANS RATIO
LNATRES,ALLOW FOR LOANS LOSS ADJUSTED
LNATRESJ,ALLOW FOR LOANS + ALLOC TRN RISK
LNATRESRR,ALLOW FOR LOANS + ALLOC TRN RISK RATIO
LNAUTO,CONSUMER LOANS - AUTO
LNAUTOR,CONSUMER LOANS-AUTO RATIO
LNCI,C&I LOANS
LNCIR,C&I LOANS RATIO
LNCON,CONSUMER LOANS
LNCONR,CONSUMER LOANS RATIO
LNCONOT1,CONSUMER LOANS-HOME IMPROVEMENT
LNCONOTH,CONSUMER LOANS-OTHER
LNCONOTHR,CONSUMER LOANS-OTHER RATIO
LNCRCD,CONSUMER LOANS-CREDIT CARD PLAN
LNCRCDR,CONSUMER LOANS-CREDIT CARD PLAN RATIO
LNCRCDRP,LNS-CREDIT CD & RELATED PLAN
LNDEP,DEP INSTITUTION LOANS
LNFG,FOREIGN GOVT LOANS
LNFGR,FOREIGN GOVT LOANS RATIO
LNLS,LN&LS + UNEARNED INC
LNLSGR,LOANS AND LEASES-TOTAL
LNLSGR2,LOANS AND LEASES-TOTAL
LNLSGRJ,LOANS AND LEASES-TOTAL ADJUSTED
LNLSGRR,LOANS AND LEASES-TOTAL RATIO
LNLSNET,LOANS AND LEASES-NET
LNLSNETR,LOANS AND LEASES-NET RATIO
LNMUNI,MUNI LOANS
LNMUNIR,MUNI LOANS RATIO
LNOTCI,OTHER LNS & LS-COMM-QBP
LNOTCIR,OTHER LNS & LS-COMM-QBP RATIO
LNOTHER,LN TO NONDEP FIN INST & OTH LN
LNSOTHER,OTHER LOANS
LNSOTHERR,OTHER LOANS
LNRE,RE LOANS
LNRE2,RE LOANS
LNRECON2,null
LNREMUL2,null
LNREJ,RE LOANS ADJUSTED
LNRE5,RE LOANS CAVG5
LNRER,RE LOANS RATIO
LNREAG,RE AGRICULTURAL
LNRECON5,RE CONSTRUCTION & LAND DEV-CAV5
LNREAGR,RE AGRICULTURAL RATIO
LNRECONS,RE CONSTRUCTION & LAND DEVELOP
LNRECONSR,RE CONSTRUCTION & LAND DEVELOP RATIO
LNREDOM,RE LOANS-DOM
LNREDOMR,RE LOANS-DOM RATIO
LNREFOR,RE LOANS-FOR
LNREFORR,RE LOANS-FOR RATIO
LNRELOC,RE 1-4 FAMILY-LINE
LNRELOCR,RE 1-4 FAMILY-LINE RATIO
LNRELOC2,RE 1-4 FAMILY-LINE2
LNRELOC5,RE 1-4 FAMILY-LINE-CAVG5
LNREMULT,RE MULTIFAMILY
LNREMUL5,RE MULTIFAMILY-CAVG5
LNREMULTR,RE MULTIFAMILY RATIO
LNRENRES,RE NONFARM NONRESIDENTIAL PROP
LNRENRE5,RE NONFARM NONRESIDENTIAL CAVG5
LNRENRE2,RE NONFARM NONRESIDENTIAL CAVG5
LNRENRESR,RE NONFARM NONRESIDENTIAL PROP RATIO
LNREPP,PREPAID TAXES & INS ON MTG LNS
LNRERES,RE 1-4 FAMILY
LNRERESR,RE 1-4 FAMILY RATIO
LNRERES2,RE 1-4 FAMILY2
LNRERES5,RE 1-4 FAMILY-CAVG5
LNRESRE,ALLOWANCE FOR RE LOAN
LS,LEASES
LSR,LEASES RATIO
METRO,METROPOLITAN FLAG
MI,INSURED SAVINGS BANK FLAG
MICRO,MICROPOLITAN FLAG
MNRTYCDE,MINORITY CODE
MNRTYDTE,EFFECTIVE DTE OF MINORITY STATUS
MTGLS,MORTGAGE INDEBTEDNESS & CAP LS
N,NATIONAL BANK FLAG
NALNLS,NONACCRUAL-LOANS & LEASES
NC,NONINSURED COMMERCIAL INST FLAG
NCLNLS,TOTAL N/C-LOANS & LEASES
NETIMIN,NET INC - ATTRIB TO MINORITY INT
NETIMINR,NET INC - ATTRIB TO MINORITY INT RATIO
NETIMINQ,NET INC - ATTRIB TO MINORITY INT QUARTERLY
NETIMINQR,NET INC - ATTRIB TO MINORITY INT QUARTERLY RATIO
NETINBM,NET INC - BANK & MINORITY INT
NETINBMR,NET INC - BANK & MINORITY INT RATIO
NETINBMQ,NET INC - BANK & MINORITY INT QUARTERLY
NETINBXA,NET INCOME BEFORE TAXES ANNUALLY
NETIBXQA,null
NETINBMQR,NET INC - BANK & MINORITY INT QUARTERLY RATIO
NEWINST,NEW INSTITUTION FLAG
NFAA,NUMBER OF FIDUCIARY ACCOUNTS AND RELATED ASSET ACCOUNTS
NIM,NET INTEREST INCOME
NIMR,NET INTEREST INCOME RATIO
NIMQ,NET INTEREST INCOME QUARTERLY
NIMQA,NET INTEREST INCOME QUARTERLY
NIMA,NET INTEREST INCOME ANNUALLY
NIMQR,NET INTEREST INCOME QUARTERLY RATIO
NM,NONMEMBER INSURED INST FLAG
NONII,TOTAL NONINTEREST INCOME
NONIIR,TOTAL NONINTEREST INCOME RATIO
NONIX,TOTAL NONINTEREST EXPENSE
NONIXR,TOTAL NONINTEREST EXPENSE RATIO
NONIXQ,TOTAL NONINTEREST EXPENSE QUARTERLY
NONIXQA,TOTAL NONINTEREST EXPENSE QUARTERLY
NONIXQR,TOTAL NONINTEREST EXPENSE QUARTERLY RATIO
NS,NONINSURED SAVINGS INST FLAG
NTLNLS,TOTAL LN&LS NET CHARGE-OFFS
NTLNLSCOR,TOTAL LN&LS NET CHARGE-OFFS RATIO
NTLNLSQ,TOTAL LN&LS NET CHARGE-OFFS QUARTERLY
NTLNLSQA,TOTAL LN&LS NET CHARGE-OFFS QUARTERLY
NTLNLSCOQR,TOTAL LN&LS NET CHARGE-OFFS QUARTERLY RATIO
NTR,NONTRANSACTION-TOTAL
NTRR,NONTRANSACTION-TOTAL RATIO
NTRIPC,NONTRANSACTION-IPC
NTRIPCR,NONTRANSACTION-IPC RATIO
NTRMUNI,NONTRANSACTION-MUNI
NTRMUNIR,NONTRANSACTION-MUNI RATIO
NTRTIME,TIME DEPOSITS-TOTAL
NTRTMLG,TIME DEPOSITS OVER $100M
NTRTMLGJ,"AMT TOTAL TIME DEP MORE THAN $250,000"
NTRTMLGJR,"AMT TOTAL TIME DEP MORE THAN $250,000 RATIO"
NTRTMMED,"AMT TIME DEP OF $250,000 OR LESS"
NTRTMMEDR,"AMT TIME DEP OF $250,000 OR LESS RATIO"
NTRUSGOV,NONTRANSACTION-U.S. GOVERNMENT
NTRUSGOVR,NONTRANSACTION-U.S. GOVERNMENT RATIO
NTIRTA,RETAINED EARNINGS ANUALLY
NTTOT,TOTAL LN & LS LOSS NET CHG-OFFS
NUMEMP,NUMBER OF FULL TIME EMPLOYEES
OA,OTHER ASSETS
OAKAR,OAKAR FLAG
OCCDIST,OCC DISTRICT
OCCDISTDESC,OCC DISTRICT DESC
OFFDMULT,DOMESTIC MULTI-SERVICE OFFICES
OFFNDOM,NONDOMESTIC OFFICES
OFFOTH,DOMESTIC OTHER OFFICES
OFFSOD,SOD OFFICES
OFFSTATE,NUMBER OF STATES WITH OFFICES
OFFTOT,TOTAL OFFICES
OFFUSOA,U.S. AND OTHER AREA OFFICES
OI,INSURED IBA OFFICE FLAG
OTSDIST,OTS DISTRICT
OTSREGNO,OTS REGION NUMBER
OLMIN,OTHER LIAB & MINOR IN SUBS
ORE,OTHER REAL ESTATE OWNED
ORER,OTHER REAL ESTATE OWNED RATIO
OTHBFHLB,OTHER LIABILITIES-FHLB
OTHBFHLBR,OTHER LIABILITIES-FHLB RATIO
OTHBOR,OTHER BORROWED MONEY
OTHBRF,OTH BORROWED FUNDS
OTHBRFR,OTH BORROWED FUNDS RATIO
OTBFH1L,FHLB ADV MAT REP ONE YR OR LESS
OTBFH1LR,FHLB ADV MAT REP ONE YR OR LESS RATIO
OTBFH1T3,FHLB ADV MAT REP ONE YR THROUGH THREE
OTBFH1T3R,FHLB ADV MAT REP ONE YR THROUGH THREE
OTBFH3T5,FHLB ADV MAT REP THREE THROUGH FIVE
OTBFH3T5R,FHLB ADV MAT REP THREE THROUGH FIVE RATIO
OTBFHOV5,FHLB ADV MAT REP OVER FIVE YEARS
OTBFHOV5R,FHLB ADV MAT REP OVER FIVE YEARS RATIO
OTHBFH1L,FHLB ADV WITH REMAINING MAT ONE YR OR LESS
OTHBFH1LR,FHLB ADV WITH REMAINING MAT ONE YR OR LESS RATIO
OTBFHSTA,FHLB STRUCTURED ADV
OTBFHSTAR,FHLB STRUCTURED ADV
OTBOT1L,OTH BORR MAT OR NEXT REPRICING ONE YR OR LESS
OTBOT1LR,OTH BORR MAT OR NEXT REPRICING ONE YR OR LESS RATIO
OTBOT1T3,OTH BORR MAT OR NEXT REPRICING ONE YR THROUGH THREE
OTBOT1T3R,OTH BORR MAT OR NEXT REPRICING ONE YR THROUGH THREE RATIO
OTBOT3T5,OTH BORR MAT OR NEXT REPRICING THREE YR THROUGH FIVE
OTBOT3T5R,OTH BORR MAT OR NEXT REPRICING THREE YR THROUGH FIVE RATIO
OTBOTOV5,OTH BORR MAT OR NEXT REPRICING OVER FIVE YRS
OTBOTOV5R,OTH BORR MAT OR NEXT REPRICING OVER FIVE YRS RATIO
OTHBOT1L,OTH BORR MAT REMAINING MAT OF ONE YR OR LESS
OTHBOT1LR,OTH BORR MAT REMANING MAT OF ONE YR OR LESS RATIO
ALLOTHL,ALL OTHER LIABILITIES
ALLOTHLR,ALL OTHER LIABILITIES RATIO
P3LNLS,30-89 DAYS P/D-LOANS & LEASES
P9LNLS,90+ DAYS P/D-LOANS & LEASES
QBPRCOML,QBP COMMERCIAL BANK REGION
QBPRCOMLDESC,QBP COMMERCIAL BANK REGION DESC
QBPRSAVB,QBP BIF FUND SAVINGS REGION
QBPRSAVS,QBP SAVING SAIF FUND REGION
QTRNO,QUARTER NUMBER
REGAGNT,PRIMARY REGULATING AGENCY
RISKTERR,FDIC RISK TERRITORY
S10T250B,ASSETS 10B TO 250B FLAG
SASSER,SASSER FLAG
SB,SAVINGS BANK FLAG
SC,SECURITIES
SCR,SECURITIES RATIO
SCAA,TOTAL AVAILABLE-FOR-SALE AT AMORTIZED COST SECURITIES ON A CONSOLIDATED BASIS
SCHF,TOTAL HELD-TO-MATURITY AT FAIR VALUE SECURITIES ON A CONSOLIDATED BASIS
SCAGE,U.S. AGENCY
SCASPNHA,U.S. AGENCY
SCASPNAF,U.S. AGENCY
SCASPNSUM,NON-MORT BACKED ISSUES BY US GOVT OR SPONSORED AGENCIES
SCASPNSUMR,NON-MORT BACKED ISSUES BY US GOVT OR SPONSORED AGENCIES RATIO
SCDEQ,DOMESTIC SEC*DEBT & EQUITY - CON
SCDOMO,OTHER DOMESTIC DEBT
SCDOMOR,OTHER DOMESTIC DEBT RATIO
SCEQ,EQUITY SECURITIES
SCFDEQ,FOREIGN DEBT & EQUITY
SCFORD,FOREIGN DEBT SECURITIES
SCFORDR,FOREIGN DEBT SECURITIES RATIO
SCMTGBK,MORTGAGE BACKED SECURITIES
SCMTGBKR,MORTGAGE BACKED SECURITIES RATIO
SCMUNI,MUNICIPAL SECURITIES
SCMUNIR,MUNICIPAL RATIO
SCMV,SECURITIES-MV
SCODPC,RES-OTH DOM DEBT*PRIV CERTS
SCODPCR,RES-OTH DOM DEBT*PRIV CERTS RATIO
SCRES,CONTRA-ASSETS TO SECURITIES
SCUS,U.S. TREASURY & AGENCY
SCUSR,U.S. TREASURY & AGENCY RATIO
SCUSA,U.S. AGENCY ALL OTHER
SCUST,U.S. TREASURY SECURITIES
SCUSTR,U.S. TREASURY SECURITIES RATIO
SIMS_LAT,GEOGRAPHIC LATITUDE OF MAIN OFFICE
SIMS_LONG,GEOGRAPHIC LONGITUDE OF MAIN OFFICE
SL,SAVINGS AND LOAN FLAG
SM,STATE MEMBER BANK FLAG
STALP,FIPS STATE ALPHA CODE
STCHRTR,STATE CHARTER FLAG
STNAME,STATE NAME
STNUM,FIPS STATE NUMBER
SUBLLPF,SUB. DEBT & L/L PREFERRED STK
SUBND,SUBORDINATED NOTES & DEBENTURES
SZ25,ASSETS UNDER 25M FLAG
SZ100,ASSETS UNDER 100M FLAG
SZ100MP,ASSETS OVER 100M FLAG
SZ100T3,ASSETS 100M TO 300M FLAG
SZ100T5,ASSETS 100M TO 500M FLAG
SZ100T1B,ASSETS 100M TO 1B FLAG
SZ10BP,ASSETS OVER 10B FLAG
SZ1BP,ASSETS OVER 1B FLAG
SZ1BT10B,ASSETS 1B TO 10B FLAG
SZ1BT3B,ASSETS 1B TO 3B FLAG
SZ1BT5B,ASSETS 1B TO 5B FLAG
SZ250BP,ASSETS OVER 250B FLAG
SZ25T50,ASSETS 25M TO 50M FLAG
SZ300T5,ASSETS 300M TO 500M FLAG
SZ3BT10B,ASSETS 3B TO 10B FLAG
SZ500T1B,ASSETS 500M TO 1B FLAG
SZ50T100,ASSETS 50M TO 100M FLAG
SZ5BP,ASSETS OVER 5B FLAG
TFRA,TOTAL FIDUCIARY AND RELATED ASSETS
TRADE,TRADING ACCOUNTS
TRADEL,TRADING LIABILITIES
TRADELR,TRADING LIABILITIES RATIO
TRADER,TRADING ACCOUNTS RATIO
TRN,TRANSACTION-TOTAL
TRNR,TRANSACTION-TOTAL RATIO
TRNIPC,TRANSACTION-IPC
TRNIPCOC,TRAN-IPC-OFFICIAL CHECKS
TRNIPCOCR,TRAN-IPC-OFFICIAL CHECKS RATIO
TRNMUNI,TRANSACTION-MUNI
TRNMUNIR,TRANSACTION-MUNI RATIO
TRNUSGOV,TRANSACTION-U.S. GOVERNMENT
TRNUSGOVR,TRANSACTION-U.S. GOVERNMENT RATIO
TRUSTPWR,TRUST POWER GRANTED CODES
TS,TIME & SAVINGS DEPOSITS-TOTAL
TSR,TIME & SAVINGS DEPOSITS-TOTAL RATIO
TTL,TT&L NOTE OPTION
TTLOTBOR,TT&L & OTHER BORROWINGS
UNINC,UNEARNED INCOME
UNINUM,BANK UNIQUE NUMBER
USA,USA LOCATED INSTITUTION
UYAMTG,UNAMORTIZED YIELD ADJ-MTG LOANS
ABCUBK,ASST-BCK UNUSED COMMIT - RELATED
ABCUBKR,ASST-BCK UNUSED COMMIT - RELATED RATIO
ABCUOTH,ASSET-BACK UNUSED COMMIT - OTHER
ABCUOTHR,ASSET-BACK UNUSED COMMIT - OTHER RATIO
ABCXBK,ASSET-BACK CREDIT EX-RELATED
ABCXBKR,ASSET-BACK CREDIT EX-RELATED RATIO
ABCXOTH,ASSET-BACK CREDIT EX-OTHER
ABCXOTHR,ASSET-BACK CREDIT EX-OTHER RATIO
ASCEOTH,C.E. RECOURSE NOT SECUR. - OTH
ASCEOTHR,C.E. RECOURSE NOT SECUR. - OTH RATIO
ASCERES,C.E. RECOURSE NOT SECUR. - RES
ASCERESR,C.E. RECOURSE NOT SECUR. - RES RATIO
ASDROTH,SOLD W/RECOURSE N/SECUR. - OTH
ASDROTHR,SOLD W/RECOURSE N/SECUR. - OTH RATIO
ASDRRES,SOLD W/RECOURSE N/SECUR.- RES
ASDRRESR,SOLD W/RECOURSE N/SECUR.- RES RATIO
ASSET2,TOTAL ASSETS-CAVG2
ASSET5,TOTAL ASSETS-CAVG5
ASSETFOR,TOTAL ASSETS-FOR
ASSTLT,LONG-TERM ASSETS (5+ YEARS)-QBP
ASSTLTR,LONG-TERM ASSETS (5+ YEARS) RATIO
ASTEMPM,ASSETS PER EMPLOYEE IN MILLION
AVASSETJ,AVERAGE ASSETS-ADJUSTED-PCA
AVASSETJR,AVERAGE ASSETS-ADJUSTED-PCA RATIO
BROINS,BROKERED DEP-INSURED
BROINSR,BROKERED DEP-INSURED RATIO
CALLYMD,REPORT DATE (CCYYMMDD)
CHBALFOR,CASH & DUE FROM DEP INST-FOR
CHBALNI,NONINTEREST-BEARING CASH & DUE
CHBALNIR,NONINTEREST-BEARING CASH & DUE RATIO
CHCIC,CASH ITEMS
CHCICR,CASH ITEMS RATIO
CHCOIN,CURRENCY & COIN
CHCOINR,CURRENCY & COIN RATIO
CHFLA,NET OPERATING CASH FLOW-ANN
CHFLQ,NET OPERATING CASH FLOW-ANN Quarterly
CHFRB,BAL DUE FROM FRB
CHFRBR,BAL DUE FROM FRB RATIO
CHITEM,CASH ITEM COLLEC IN DOMESTIC OFFICES
CHITEMR,CASH ITEMS COLLEC IN DOMESTIC OFFICES RATIO
CHNUS,BAL DUE FROM BK FOR COUNTRY
CHNUSR,BAL DUE FROM BK FOR COUNTRY RATIOS
CHNUSFBK,BAL DUE FROM FOR BR OF OTH US BK
CHUS,BAL DUE FROM DEP INST U.S.
CHUSR,BAL DUE FROM DEP INST U.S. RATIO
CHUSFBK,BAL DUE FROM U.S. BR OF FOR BKS
CITY,CITY
COREDEP,CORE DEPOSITS
COREDEPR,CORE DEPOSITS RATIO
CRAG,AGRICULTURAL LOAN RECOVERIES
CRAGR,AGRICULTURAL LOAN RECOVERIES RATIO
CRAGQ,AGRICULTURAL LOAN RECOVERIES QUARTERLY
CRAGQR,AGRICULTURAL LOAN RECOVERIES QUARTERLY RATIO
CRAGSM,AG LOAN RECOVERIES*SMALL BKS
CRAGSMR,AAG LOAN RECOVERIES*SMALL BKS RATIO
CRAGSMQ,AG LOAN RECOVERIES*SMALL BKS QUARTERLY
CRAGSMQR,AG LOAN RECOVERIES*SMALL BKS QUARTERLY RATIO
CRAUTO,AUTO LOANS - RECOVERIES
CRAUTOR,AUTO LOANS - RECOVERIES RATIO
CRAUTOQ,AUTO LOANS - RECOVERIES QUARTERLY
CRAUTOQR,AUTO LOANS - RECOVERIES QUARTERLY RATIO
CRCI,COMMERCIAL LOAN RECOVERIES
CRCIR,COMMERCIAL LOAN RECOVERIES RATIO
CRCIQ,COMMERCIAL LOAN RECOVERIES QUARTERLY
CRCIQR,COMMERCIAL LOAN RECOVERIES QUARTERLY RATIO
CRCINUS,COMMERCIAL LOAN RECOVERIES NON-U.S.
CRCINUSR,COMMERCIAL LOAN RECOVERIES NON-U.S. RATIO
CRCINUSQ,COMMERCIAL LOAN RECOVERIES NON-U.S. QUARTERLY
CRCINUSQR,COMMERCIAL LOAN RECOVERIES NON-U.S. QUARTERLY RATIO
CRCON,CONSUMER LOAN RECOVERIES
CRCONR,CONSUMER LOAN RECOVERIES RATIO
CRCONQ,CONSUMER LOAN RECOVERIES QUARTERLY
CRCONQR,CONSUMER LOAN RECOVERIES QUARTERLY RATIO
CRCONOTH,OTHER CONSUMER LOAN RECOVERIES
CRCONOTHR,OTHER CONSUMER LOAN RECOVERIES RATIO
CRCONOTQ,OTHER CONSUMER LOAN RECOVERIES QUARTERLY
CRCONOTQR,OTHER CONSUMER LOAN RECOVERIES QUARTERLY RATIO
CRCRCD,CREDIT CARD LOAN RECOVERIES
CRCRCDR,CREDIT CARD LOAN RECOVERIES RATIO
CRCRCDQ,CREDIT CARD LOAN RECOVERIES QUARTERLY
CRCRCDQR,CREDIT CARD LOAN RECOVERIES QUARTERLY RATIO
CRDEP,DEPOSITORY INST LOAN RECOVERIES
CRDEPR,DEPOSITORY INST LOAN RECOVERIES RATIO
CRDEPQ,DEPOSITORY INST LOAN RECOVERIES QUARTERLY
CRDEPQR,DEPOSITORY INST LOAN RECOVERIES Quarterly RATIO
CRDEPNUS,FOREIGN DEPS INST LN RECOVERIES
CRDEPNUSR,FOREIGN DEPS INST LN RECOVERIES RATIO
CRDEPNUQ,FOREIGN DEPS INST LN RECOVERIES QUARTERLY
CRDEPNUQR,FOREIGN DEPS INST LN RECOVERIES QUARTERLY RATIO
CRFORGV,FOREIGN GOVERNMENT LN RECOVERIES
CRFORGVR,FOREIGN GOVERNMENT LN RECOVERIES RATIO
CRFORGVQ,FOREIGN GOVERNMENT LN RECOVERIES QUARTERLY
CRFORGVQR,FOREIGN GOVERNMENT LN RECOVERIES QUARTERLY RATIO
CRLS,LEASE RECOVERIES
CRLSR,LEASE RECOVERIES RATIO
CRLSQ,LEASE RECOVERIES QUARTERLY
CRLSQR,LEASE RECOVERIES QUARTERLY RATIO
CROTHER,ALL OTHER LOAN RECOVERIES
CROTHERR,ALL OTHER LOAN RECOVERIES RATIO
CROTHQ,ALL OTHER LOAN RECOVERIES QUARTERLY
CROTHQR,ALL OTHER LOAN RECOVERIES QUARTERLY RATIO
CRRE,REAL ESTATE LOAN RECOVERIES
CRRER,REAL ESTATE LOAN RECOVERIES RATIO
CRREQ,REAL ESTATE LOAN RECOVERIES QUARTERLY
CRREQR,REAL ESTATE LOAN RECOVERIES QUARTERLY RATIO
CRREAG,FARMLAND RE LN RECOVERIES
CRREAGR,FARMLAND RE LN RECOVERIES RATIO
CRREAGQ,FARMLAND RE LN RECOVERIES-QTR
CRREAGQR,FARMLAND RE LN RECOVERIES QUARTERLY RATIO
CRRECNFM,1-4 FAM CONSTRUCT LN RECOVERIES
CRRECNOT,OTHER CONSTRUCT LN RECOVERIES
CRRECONQ,CONSTRUCTION RE LN RECOVER-QTR
CRRECONQR,CONSTRUCTION RE LN RECOVERIES QUARTERLY RATIO
CRRECONS,CONSTRUCTION RE LN RECOVERIES
CRRECONSR,CONSTRUCTION RE LN RECOVERIES RATIO
CRREFOR,REAL ESTATE LN RECOVERIES - FOR
CRREFORR,REAL ESTATE LN RECOVERIES - FOR RATIO
CRREFORQ,REAL ESTATE LN RECOVERIES - FOR QUARTERLY
CRREFORQR,REAL ESTATE LN RECOVERIES - FOR QUARTERLY RATIO
CRRELOC,LINE OF CREDIT RE LN RECOVERIES
CRRELOCR,LINE OF CREDIT RE LN RECOVERIES RATIO
CRRELOCQ,LINE OF CREDIT RE LN RECOVERIES QUARTERLY
CRRELOCQR,LINE OF CREDIT RE LN RECOVERIES QUARTERLY RATIO
CRREMULQ,MULTIFAMILY RE LN RECOVERIES-QTR
CRREMULQR,MULTIFAMILY RES RE LN RECOVERIES QUARTERLY RATIO
CRREMULT,MULTIFAMILY RES RE LN RECOVERIES
CRREMULTR,MULTIFAMILY RES RE LN RECOVERIES RATIO
CRRENRES,NONFARM NONRES RE LN RECOVERIES
CRRENRESR,NONFARM NONRES RE LN RECOVERIES RATIO
CRRENROT,OTHER NONFARM NONRES RECOVERIES
CRRENROW,OWN-OCCUP NONFARM NONRES RECOV
CRRENRSQ,NONFARM NONRES RE LN RECOVER-QTR
CRRENRSQR,NONFARM NONRES RE LN RECOVER-QTR RATIO
CRRENUS,NON-U.S. RE LN RECOVERIES
CRRENUSR,NON-U.S. RE LN RECOVERIES RATIO
CRRENUSQ,NON-U.S. RE LN RECOVERIES QUARTERLY
CRRENUSQR,NON-U.S. RE LN RECOVERIES QUARTERLY RATIO
CRRERES,RE LOANS 1-4 FAMILY RECOVERIES
CRRERESR,RE LOANS 1-4 FAMILY RECOVERIES RATIO
CRRERESQ,RE LOANS 1-4 FAMILY RECOVER-QTR
CRRERESQR,RE LOANS 1-4 FAMILY RECOVERIES QUARTERLY RATIO
CRRERSF2,RE LOAN 1-4 FAM JR LIEN-RECOVER
CRRERSF2R,RE LOAN 1-4 FAM JR LIEN-RECOVER RATIO
CRRERS2Q,RE LOAN 1-4 FAM JR LIEN-RECOVER QUARTERLY
CRRERS2QR,RE LOAN 1-4 FAM JR LIEN-RECOVER QUARTERLY RATIO
CRRERSFM,RE LOAN 1-4 FAM FIRST LIEN-RECOV
CRRERSFMR,RE LOAN 1-4 FAM FIRST LIEN-RECOV RATIO
CRRERSFQ,RE LOAN 1-4 FAM FIRST LIEN-RECOV QUARTERLY
CRRERSFQR,RE LOAN 1-4 FAM FIRST LIEN-RECOV QUARTERLY RATIO
CRREOFFDOM,RE LOAN RECOVERIES DOMESTIC OFFICES
CRREOFFDOMR,RE LOAN RECOVERIES DOMESTIC OFFICES RATIO
CRREOFFDOMQ,RE LOAN RECOVERIES DOMESTIC OFFICES QUARTERLY
CRREOFFDOMQR,RE LOAN RECOVERIES DOMESTIC OFFICES QUARTERLY RATIO
CTDERBEN,CR DER (NET)-PURCHASE PROTECT
CTDERGTY,CR DER(NET) - SOLD PROTECTION
DEPBEFEX,TOTAL DEPOSIT LIAB BEF EXCLUSION
DEPCSBQ,ESTIMATED ASSESSABLE DEPOSITS
DEPCSBQR,ESTIMATED ASSESSABLE DEPOSITS RATIO
DEPDASTR,TOT DOMESTIC DEPOSIT / ASSET
DEPFBKF,FOREIGN BANKS-FOR
DEPFBKFR,FOREIGN BANKS-FOR RATIO
DEPFGOVF,FOREIGN GOVERNMENTS-FOR
DEPFGOVFR,FOREIGN GOVERNMENTS-FOR RATIO
DEPIDOM,INTEREST-BEARING DEP-DOM
DEPIDOMR,INTEREST-BEARING DEP-DOM RATIO
DEPINS,ESTIMATED INSURED DEPOSITS
DEPINSR,ESTIMATED INSURED DEPOSITS RATIO
DEPLGAMT,"AMT DEP ACC GREATER THAN $250,000"
DEPLGAMTR,"AMT DEP ACC GREATER THAN $250,000 RATIO"
DEPLGB,"NUM DEP ACC GREATER THAN $250,000"
DEPLGRA,"AMT OF RETIREMENT DEP ACC OF MORE THAN $250,000"
DEPLGRAR,"AMT OF RETIREMENT DEP ACC OF MORE THAN $250,000 RATIO"
DEPLGRN,"NUM OF RETIREMENT DEP ACC MORE THAN $250,000"
DEPLSNB,DEP THRU LIST SVC NOT BROKERED
DEPLSNBR,DEP THRU LIST SVC NOT BROKERED RATIO
DEPNIDOM,NONINTEREST-BEARING DEP-DOM
DEPNIDOMR,NONINTEREST-BEARING DEP-DOM RATIO
DEPSMAMT,"AMT DEP ACC AT $250,000 OR LESS"
DEPSMAMTR,"AMT DEP ACC AT $250,000 OR LESS RATIO"
DEPSMB,"NUM DEP ACC EQUAL OR LESS THAN EQUAL TO $250,000"
DEPSMRA,"AMT RETIREMENT DEP ACC OF $250,000 OR LESS"
DEPSMRAR,"AMT RETIREMENT DEP ACC OF $250,000 OR LESS RATIO"
DEPSMRN,"NUM RETIREMENT DEP ACC OF $250,000"
DEPALLEX,TOTAL ALLOWABLE EXCLUSIONS (INCLUDING FOREIGN DEPOSITS)
DEPUNA,EST UNINSURED DEP IN DOM-OFF IN INSURED BRANCHES IN US TERR AND POSSESSIONS
DEPUNAR,EST UNINSURED DEP IN DOM-OFF IN INSURED BRANCHES IN US TERR AND POSSESSIONS
DEPUNINS,ESTIMATED UNINSURED DEPOSITS IN DOMESTIC OFFICES AND IN INSURED BRANCHES IN US TERRITORIES AND POSSESSIONS
DEPUSBKF,U.S. BANKS&OTH.US INST-FOR
DEPUSBKFR,U.S. BANKS&OTH.US INST-FOR RATIO
DEPUSMF,U.S.GOVT & ST & POL SUBS-FOR
DEPUSMFR,U.S.GOVT & ST & POL SUBS-FOR RATIO
DRAG,AGRICULTURAL LOAN CHARGE-OFFS
DRAGR,AGRICULTURAL LOAN CHARGE-OFFS RATIO
DRAGQ,AGRICULTURAL LOAN CHARGE-OFFS QUARTERLY
DRAGQR,AGRICULTURAL LOAN CHARGE-OFFS QUARTERLY RATIO
DRAGSM,AG LOAN CHARGE-OFFS*SMALL BKS
DRAGSMR,AG LOAN CHARGE-OFFS*SMALL BKS RATIO
DRAGSMQ,AG LOAN CHARGE-OFFS*SMALL BKS QUARTERLY
DRAGSMQR,AG LOAN CHARGE-OFFS*SMALL BKS QUARTERLY RATIO
DRAUTO,AUTO LOANS - CHARGE-OFFS
DRAUTOR,AUTO LOANS - CHARGE-OFFS RATIO
DRAUTOQ,AUTO LOANS - CHARGE-OFFS QUARTERLY
DRAUTOQR,AUTO LOANS - CHARGE-OFFS QUARTERLY RATIO
DRCI,COMMERCIAL LOAN CHARGE-OFFS
DRCIR,COMMERCIAL LOAN CHARGE-OFFS RATIO
DRCIQ,COMMERCIAL LOAN CHARGE-OFFS QUARTERLY
DRCIQR,COMMERCIAL LOAN CHARGE-OFFS QUARTERLY RATIO
DRCINUS,COMMERCIAL LOAN CHARGE-OFFS NON-U.S.
DRCINUSR,COMMERCIAL LOAN CHARGE-OFFS NON-U.S. RATIO
DRCINUSQ,COMMERCIAL LOAN CHARGE-OFFS NON-U.S. QUARTERLY
DRCINUSQR,COMMERCIAL LOAN CHARGE-OFFS NON-U.S. QUARTERLY RATIO
DRCON,CONSUMER LOAN CHARGE-OFFS
DRCONR,CONSUMER LOAN CHARGE-OFFS RATIO
DRCONQ,CONSUMER LOAN CHARGE-OFFS QUARTERLY
DRCONQR,CONSUMER LOAN CHARGE-OFFS QUARTERLY RATIO
DRCONOTH,OTHER CONSUMER LOAN CHARGE-OFFS
DRCONOTHR,OTHER CONSUMER LOAN CHARGE-OFFS RATIO
DRCONOTQ,OTHER CONSUMER LOAN CHARGE-OFFS QUARTERLY
DRCONOTQR,OTHER CONSUMER LOAN CHARGE-OFFS QUARTERLY RATIO
DRCRCD,CREDIT CARD LOAN CHARGE-OFFS
DRCRCDR,CREDIT CARD LOAN CHARGE-OFFS RATIO
DRCRCDQ,CREDIT CARD LOAN CHARGE-OFFS QUARTERLY
DRCRCDQR,CREDIT CARD LOAN CHARGE-OFFS QUARTERLY RATIO
DRDEP,DEPOSITORY INST LOAN CHARGE-OFFS
DRDEPR,DEPOSITORY INST LOAN CHARGE-OFFS RATIO
DRDEPQ,DEPOSITORY INST LOAN CHARGE-OFFS QUARTERLY
DRDEPQR,DEPOSITORY INST LOAN CHARGE-OFFS QUARTERLY RATIO
DRDEPNUS,FOREIGN DEPS INST LN CHG-OFFS
DRDEPNUSR,FOREIGN DEPS INST LN CHG-OFFS RATIO
DRDEPNUQ,FOREIGN DEPS INST LN CHG-OFFS QUARTERLY
DRDEPNUQR,FOREIGN DEPS INST LN CHG-OFFS QUARTERLY RATIO
DRFORGV,FOREIGN GOVERNMENT LN CHG-OFFS
DRFORGVR,FOREIGN GOVERNMENT LN CHG-OFFS RATIO
DRFORGVQ,FOREIGN GOVERNMENT LN CHG-OFFS QUARTERLY
DRFORGVQR,FOREIGN GOVERNMENT LN CHG-OFFS QUARTERLY RATIO
DRLS,LEASE CHARGE-OFFS
DRLSR,LEASE CHARGE-OFFS RATIO
DRLSQ,LEASE CHARGE-OFFS QUARTERLY
DRLSQR,LEASE CHARGE-OFFS QUARTERLY RATIO
DROTHER,ALL OTHER LOAN CHARGE-OFFS
DROTHERR,ALL OTHER LOAN CHARGE-OFFS RATIO
DROTHQ,ALL OTHER LOAN CHARGE-OFFS QUARTERLY
DROTHQR,ALL OTHER LOAN CHARGE-OFFS QUARTERLY RATIO
DRRE,REAL ESTATE LOAN CHARGE-OFFS
DRRER,REAL ESTATE LOAN CHARGE-OFFS RATIO
DRREQ,REAL ESTATE LOAN CHARGE-OFFS QUARTERLY
DRREQR,REAL ESTATE LOAN CHARGE-OFFS QUARTERLY RATIO
DRREAG,FARMLAND RE LN CHARGE-OFFS
DRREAGR,FARMLAND RE LN CHARGE-OFFS RATIO
DRREAGQ,FARMLAND RE LN CHG-OFFS-QTR
DRREAGQR,FARMLAND RE LN CHARGE-OFFS QUARTERLY RATIO
DRRECNFM,1-4 FAM CONSTRUCT LN CHARGE-OFFS
DRRECNOT,OTHER CONSTRUCT LN CHARGE-OFFS
DRRECONQ,CONSTRUCTION RE LN CHG-OFFS-QTR
DRRECONQR,CONSTRUCTION RE LN CHARGE-OFFS QUARTERLY RATIO
DRRECONS,CONSTRUCTION RE LN CHARGE-OFFS
DRRECONSR,CONSTRUCTION RE LN CHARGE-OFFS RATIO
DRREFOR,REAL ESTATE LOAN CHRG-OFFS-FOR
DRREFORR,REAL ESTATE LOAN CHRG-OFFS-FOR RATIO
DRREFORQ,REAL ESTATE LOAN CHRG-OFFS-FOR QUARTERLY
DRREFORQR,REAL ESTATE LOAN CHRG-OFFS-FOR QUARTERLY RATIO
DRRELOC,LINE OF CREDIT RE LN CHARGE-OFFS
DRRELOCR,LINE OF CREDIT RE LN CHARGE-OFFS RATIO
DRRELOCQ,LINE OF CREDIT RE LN CHARGE-OFFS QUARTERLY
DRRELOCQR,LINE OF CREDIT RE LN CHARGE-OFFS RATIO
DRREMULQ,MULTIFAMILY RE LN CHG-OFFS-QTR
DRREMULQR,MULTIFAMILY RES RE LN CHARGE-OFF QUARTERLY RATIO
DRREMULT,MULTIFAMILY RES RE LN CHARGE-OFF
DRREMULTR,MULTIFAMILY RES RE LN CHARGE-OFF RATIO
DRRENRES,NONFARM NONRES RE LN CHARGE-OFFS
DRRENRESR,NONFARM NONRES RE LN CHARGE-OFFS RATIO
DRRENROT,OTHER NONFARM NONRES RE CHG-OFF
DRRENROW,OWN-OCCUP NONFARM NONRES CHG-OFF
DRRENRSQ,NONFARM NONRES RE LN CHG-OFF-QTR
DRRENRSQR,NONFARM NONRES RE LN CHARGE-OFFS QUARTERLY RATIO
DRRENUS,NON-U.S. RE LN CHARGE-OFFS
DRRENUSR,NON-U.S. RE LN CHARGE-OFFS RATIO
DRRENUSQ,NON-U.S. RE LN CHARGE-OFFS QUARTERLY
DRRENUSQR,NON-U.S. RE LN CHARGE-OFFS RATIO
DRRERES,RE LOANS 1-4 FAMILY CHARGE-OFFS
DRRERESR,RE LOANS 1-4 FAMILY CHARGE-OFFS RATIO
DRRERESQ,RE LOANS 1-4 FAMILY CHG-OFFS-QTR
DRRERESQR,RE LOANS 1-4 FAMILY CHARGE-OFFS QUARTERLY RATIO
DRRERSF2,RE LN 1-4 FAM JR LIEN-CHG-OFF
DRRERSF2R,RE LN 1-4 FAM JR LIEN-CHG-OFF RATIO
DRRERS2Q,RE LN 1-4 FAM JR LIEN-CHG-OFF QUARTERLY
DRRERS2QR,RE LN 1-4 FAM JR LIEN-CHG-OFF QUARTERLY RATIO
DRRERSFM,RE LN 1-4 FAM FIRST LIEN-CHG-OFF
DRRERSFMR,RE LN 1-4 FAM FIRST LIEN-CHG-OFF RATIO
DRRERSFQ,RE LN 1-4 FAM FIRST LIEN-CHG-OFF QUARTERLY
DRRERSFQR,RE LN 1-4 FAM FIRST LIEN-CHG-OFF QUARTERLY RATIO
DRREOFFDOM,REAL ESTATE LOAN CHARGE-OFFS DOMESTIC OFFICES
DRREOFFDOMR,REAL ESTATE LOAN CHARGE-OFFS DOMESTIC OFFICES RATIO
DRREOFFDOMQ,REAL ESTATE LOAN CHARGE-OFFS DOMESTIC OFFICES QUARTERLY
DRREOFFDOMQR,REAL ESTATE LOAN CHARGE-OFFS DOMESTIC OFFICES QUARTERLY RATIO
EDCM,EQUITY
EEFF,EFFICIENCY RATIO EXPENSE
EEFFQ,EFFICIENCY RATIO EXPENSE QUARTERLY
EEFFR,EFFICIENCY RATIO
EEFFQR,EFFICIENCY QUARTERLY RATIO
EFFDATE,EFFECTIVE DATE
EINTGW,GOODWILL IMPAIRMENT LOSSES
EINTGWR,GOODWILL IMPAIRMENT LOSSES RATIO
EINTGWQ,GOODWILL IMPAIRMENT LOSSES QUARTERLY
EINTGWQR,GOODWILL IMPAIRMENT LOSSES QUARTERLY RATIO
EINTOTH,AMORT & IMPAIR LOSSES OTH INTAN
EINTOTHR,AMORT & IMPAIR LOSSES OTH INTAN RATIO
EINTOTHQ,AMORT & IMPAIR LOSSES OTH INTAN QUARTERLY
EINTOTHQR,AMORT & IMPAIR LOSSES OTH INTAN QUARTERLY RATIO
ELNANTR,LOAN LOSS PROV/NT CHG-OFFS
ELNATRA,ELNATRA
ELNATRY,CREDIT LOSS PROV/AVE ASSETS
ELNATRYQ,CREDIT LOSS PROV/AVE ASSETS QUARTERLY
ENCEAUTO,CR EXPOSURE-ENHANCEMENTS - AUTO
ENCEAUTOR,CR EXPOSURE-ENHANCEMENTS - AUTO RATIO
ENCECI,CR EXPOSURE - ENHANCEMENTS - CI
ENCECIR,CR EXPOSURE - ENHANCEMENTS - CI RATIO
ENCECON,CR EXPOSURE - ENHANCEMENTS - CON
ENCECONR,CR EXPOSURE - ENHANCEMENTS - CON RATIO
ENCEOTH,CR EXPOSURE - ENHANCEMENTS - OTH
ENCEOTHR,CR EXPOSURE - ENHANCEMENTS - OTH RATIO
ENCERES,CR EXPOSURE - ENHANCEMENTS - RES
ENCERESR,CR EXPOSURE - ENHANCEMENTS - RES RATIO
EOTHINT,OTHER INTEREST EXPENSE
EOTHINTR,OTHER INTEREST EXPENSE RATIO
EOTHINTQ,OTHER INTEREST EXPENSE QUARTERLY
EOTHINTQR,OTHER INTEREST EXPENSE QUARTERLY RATIO
EQ5,TOTAL BANK EQUITY CAPITAL-CAVG5
EQCBHCTR,TRANSACTIONS WITH BHC
EQCBHCTRR,TRANSACTIONS WITH BHC RATIO
EQCCOMPI,OTHER COMPREHENSIVE INCOME
EQCCOMPIR,OTHER COMPREHENSIVE INCOME RATIO
EQCDIVA,CASH DIVIDENDS ON COMM & PFD-ANN
EQCMRG,CHANGES DUE TO MERGERS
EQCMRGR,CHANGES DUE TO MERGERS RATIO
EQCPREV,BK EQ CAP MOST RECENTLY REPORTED
EQCPREVR,BK EQ CAP MOST RECENTLY REPORTED RATIO
EQCREST,ACCOUNTING CHANGES & CORRECTIONS
EQCRESTR,ACCOUNTING CHANGES & CORRECTIONS RATIO
EQCSTKRX,SALE OF CAPITAL STOCK
EQCSTKRXR,SALE OF CAPITAL STOCK RATIO
EQCSXQ,SALE OF CAPITAL STOCK QUARTERLY
EQCSXQR,SALE OF CAPITAL STOCK QUARTERLY RATIO
EQCTRSTX,TREASURY STOCK TRANSACTIONS
EQCTRSTXR,TREASURY STOCK TRANSACTIONS RATIO
EQTOT,TOTAL EQUITY CAPITAL
EQTOTR,TOTAL EQUITY CAPITAL RATIO
EQV,BANK EQUITY CAPITAL/ASSETS
ERNAST,TOTAL EARNING ASSETS
ERNAST2,TOTAL EARNING ASSETS
ERNAST5,TOTAL EARNING ASSETS-CAVG5I
ERNASTR,EARNING ASSETS / TOTAL ASSETS
ESTYMD,ESTABLISHED DATE
ENDEFYMD,INACTIVE DATE
ORG_END_NUM_DTE,INACTIVE DATE
ETTLOTMG,TT&L
FORMTFR,THRIFT FINANCIAL REPORT FLAG
FX,FOREIGN EXCHANGE-TOTAL CONTRACTS
FXFFC,FOR EXCH-FUTURES & FORWARD CONTR
FXNVS,FOR EXCHANGE-SWAPS
FXPOC,FOR EXCH-PUR OPTION CONTRACTS
FXSPOT,SPOT FOREIGN EXCHANGE CONTRACTS
FXWOC,FOR EXCH-WRITTEN OPTION CONTRACT
IBEFTXQ,INC BEFORE INC TAXS & DISC-QTR
IBEFXTR,INCOME BEFORE DISC OPR
IBEFXTRR,INCOME BEFORE DISC OPR RATIO
IBEFXTRQ,INCOME BEFORE DISC OPR QUARTERLY
IEFF,EFFICIENCY RATIO INCOME
IEFFQ,EFFICIENCY RATIO INCOME QUARTERLY
IBEFXTRQR,INCOME BEFORE DISC OPR QUARTERLY RATIO
IFIDUC,FIDUCIARY ACTIVITIES INCOME
IFIDUCR,FIDUCIARY ACTIVITIES INCOME RATIO
IFIDUCQ,FIDUCIARY ACTIVITIES INCOME-QTR
IFIDUCQR,FIDUCIARY ACTIVITIES INCOME-QTR RATIO
IGLCMEX,TRADING ACCOUNT-COMMODITY
IGLCMEXR,TRADING ACCOUNT-COMMODITY RATIO
IGLCMEXQ,TRADING ACCOUNT-COMMODITY QUARTERLY
IGLCMEXQR,TRADING ACCOUNT-COMMODITY RATIO QUARTERLY
IGLCREX,TRADING REVENUE- CREDIT EXPOSURE
IGLCREXR,TRADING REVENUE- CREDIT EXPOSURE RATIO
IGLCREXQ,TRADING REVENUE- CREDIT EXPOSURE QUARTERLY
IGLCREXQR,TRADING REVENUE- CREDIT EXPOSURE QUARTERLY RATIO
IGLEDEX,TRADING ACCOUNT-EQ DERIVATIVE
IGLEDEXR,TRADING ACCOUNT-EQ DERIVATIVE RATIO
IGLEDEXQ,TRADING ACCOUNT-EQ DERIVATIVE QUARTERLY
IGLEDEXQR,TRADING ACCOUNT-EQ DERIVATIVE QUARTERLY RATIO
IGLFXEX,TRADING ACCOUNT-FOREIGN EXCHANGE
IGLFXEXR,RADING ACCOUNT-FOREIGN EXCHANGE RATIO
IGLFXEXQ,TRADING ACCOUNT-FOREIGN EXCHANGE QUARTERLY
IGLFXEXQR,RADING ACCOUNT-FOREIGN EXCHANGE QUARTERLY RATIO
IGLRTEX,TRADING ACCOUNT-INTEREST RATE
IGLRTEXR,TRADING ACCOUNT-INTEREST RATE RATIO
IGLRTEXQ,TRADING ACCOUNT-INTEREST RATE QUARTERLY
IGLRTEXQR,TRADING ACCOUNT-INTEREST RATE QUARTERLY RATIO
IGLSECQ,SECURITIES GAINS AND LOSSES-QTR
IGLTRAD,TRADING REVENUES-TOTAL
IGLTRADR,TRADING REVENUES-TOTAL RATIO
IGLTRDQ,TRADING REVENUE-QTR
IGLTRDQR,TRADING REVENUE-QTR RATIO
IINSCOM,INSURANCE COMMISSIONS & FEES
IINSCOMR,INSURANCE COMMISSIONS & FEES RATIO
IINSCOMQ,INSURANCE COMMISSIONS & FEES QUARTERLY
IINSCOMQR,INSURANCE COMMISSIONS & FEES QUARTERLY RATIO
IINSOTH,INSURANCE COM+FEES-OTHER
IINSOTHR,INSURANCE COM+FEES-OTHER RATIO
IINSOTHQ,INSURANCE COM+FEES-OTHER QUARTERLY
IINSOTHQR,INSURANCE COM+FEES-OTHER QUARTERLY RATIO
IINSUND,INSURANCE UNDERWRITNG INCOME
IINSUNDR,INSURANCE UNDERWRITNG INCOME RATIO
IINSUNDQ,INSURANCE UNDERWRITNG INCOME QUARTERLY
IINSUNDQR,INSURANCE UNDERWRITNG INCOME QUARTERLY RATIO
IINVFEE,INVEST BANK
IINVFEER,INVEST BANK RATIO
IINVFEEQ,INVEST BANK QUARTERLY
IINVFEEQR,INVEST BANK QUARTERLY RATIO
INSAGNT1,PRIMARY INSURER
INTANGCC,PURCH CC REL & NONMTG SER ASTS
INTANGW,GOODWILL
INTANGWR,GOODWILL RATIO
INTANMSR,MORTGAGE SERVICING ASSETS
INTANMSRR,MORTGAGE SERVICING ASSETS RATIO
INTANOTH,OTHER IDENTIFIABLE INTANG ASSETS
INTANOTHR,OTHER IDENTIFIABLE INTANG ASSETS RATIO
INTINCYQ,INTEREST INCOME/EARNING ASSETS QUARTERLY
INTINCA,TOTAL INTEREST INCOME ANNUAL
IOTNII,OTHER NONINTEREST INCOME
IOTNIIR,OTHER NONINTEREST INCOME RATIO
IOTNIIQ,OTHER NONINTEREST INCOME QUARTERLY
IOTNIIQR,OTHER NONINTEREST INCOME QUARTERLY RATIO
ISECZ,SECURITIZATION INCOME
ISECZR,SECURITIZATION INCOME RATIO
ISECZQ,SECURITIZATION INCOME QUARTERLY
ISECZQR,SECURITIZATION INCOME QUARTERLY RATIO
ISERCHGQ,SERVICE CHARGE ON DEP ACCTS-QTR
ISERCHGQR,SERVICE CHARGE ON DEPOSIT ACCTS-QTR RATIO
ISERFEE,SERVICING FEES
ISERFEER,SERVICING FEES RATIO
ISERFEEQ,SERVICING FEES QUARTERLY
ISERFEEQR,SERVICING FEES QUARTERLY RATIO
IVENCAP,VENTURE CAPITAL REVENUE
IVENCAPR,VENTURE CAPITAL REVENUE RATIO
IVENCAPQ,VENTURE CAPITAL REVENUE QUARTERLY
IVENCAPQR,VENTURE CAPITAL REVENUE QUARTERLY RATIO
LAG,AG LOANS - LOSS SHARE
LAGR,AG LOANS - LOSS SHARE RATIO
LCI,C&I LOANS - LOSS SHARE
LCIR,C&I LOANS - LOSS SHARE RATIO
LCON,CONSUMER LOANS - LOSS SHARE
LCONR,CONSUMER LOANS - LOSS SHARE RATIO
LIABFOR,TOTAL LIABILITIES-FOR
LNAG1,AGRICULTURAL LOANS-UNDER 100-$
LNAG1R,AGRICULTURAL LOANS-UNDER 100-$ RATIO
LNAG2,AGRICULTURAL LOANS-100-250-$
LNAG2R,AGRICULTURAL LOANS-100-250-$ RATIO
LNAG3,AGRICULTURAL LOANS-250-500-$
LNAG3R,AGRICULTURAL LOANS-250-500-$ RATIO
LNAG4,AGRICULTURAL LOANS-UNDER 500-$
LNAG4R,AGRICULTURAL LOANS-UNDER 500-$ RATIO
LNAG5,AG LOANS-CAVG5
LNAG22,AG LOANS-CAVG2
LNAG1N,AGRICULTURAL LOANS-UNDER 100-NUM
LNAG1NR,AGRICULTURAL LOANS-UNDER 100-NUM RATIO
LNAG2N,AGRICULTURAL LOANS-100-250-NUM
LNAG2NR,AGRICULTURAL LOANS-100-250-NUM RATIO
LNAG3N,AGRICULTURAL LOANS-250-500-NUM
LNAG3NR,AGRICULTURAL LOANS-250-500-NUM RATIO
LNAG4N,AGRICULTURAL LOANS-UNDER 500-NUM
LNAG4NR,AGRICULTURAL LOANS-UNDER 500-NUM RATIO
LNAGFOR,AGRICULTURAL LOANS-FOR
LNAGFORR,AGRICULTURAL LOANS-FOR RATIO
LNATRESR,LOAN LOSS RESERVE/GROSS LN&LS
LNAUTO2,CONSUMER LOANS - AUTO - CAVG2
LNAUTO5,CONSUMER LOANS - AUTO - CAVG5
LNCI1,C&I LOANS-UNDER-100-$
LNCI1R,C&I LOANS-UNDER-100-$ RATIO
LNCI2,C&I LOANS-100-250-$
LNCI2R,C&I LOANS-100-250-$ RATIO
LNCI3,C&I LOANS-250-1M-$
LNCI3R,C&I LOANS-250-1M-$ RATIO
LNCI4,C&I LOANS-UNDER-1M-$
LNCI4R,C&I LOANS-UNDER-1M-$ RATIO
LNCI5,C&I LOANS-CAVG5
LNCI22,C&I LOANS-CAVG2
LNCI1N,C&I LOANS-UNDER-100-NUM
LNCI1NR,C&I LOANS-UNDER-100-NUM RATIO
LNCI2N,C&I LOANS-100-250-NUM
LNCI2NR,C&I LOANS-250-1M-NUM RATIO
LNCI3N,C&I LOANS-250-1M-NUM
LNCI3NR,C&I LOANS-250-1M-NUM RATIO
LNCI4N,C&I LOANS-UNDER-1M-NUM
LNCI4NR,C&I LOANS-UNDER-1M-NUM RATIO
LNCIFOR,C&I LOANS-FOR
LNCIFORR,C&I LOANS-FOR RATIO
LNCINUS,C&I LOANS-NON-U.S. DOMICILE
LNCINUSF,C&I LOANS-NON-U.S. DOMICILE-FOR
LNCINUSFR,C&I LOANS-NON-U.S. DOMICILE-FOR RATIO
LNCOMRE,COMMERCIAL RE LOANS
LNCOMRER,COMMERCIAL RE LOANS RATIO
LNCOMRE2,COMMERCIAL RE LOANS2
LNCOMRE5,COMMERCIAL RE LOANS CAVG5
LNCON2,CONSUMER LOANS-CAVG2
LNCON5,CONSUMER LOANS-CAVG5
LNCONFOR,CONSUMER LOANS-FOR
LNCONFORR,CONSUMER LOANS-FOR RATIO
LNCONORP,OTHER CONSUMER & RELATED PLANS
LNCONOT2,OTHER CONSUMER LOANS-CAVG2
LNCONOT5,OTHER CONSUMER LOANS-CAVG5
LNCONRP,CONSUMER LNS-RELATED PLANS
LNCONRPR,CONSUMER LNS-RELATED PLANS RATIO
LNCONTRA,OTHER CONTRA ACCOUNTS
LNCONTRAR,OTHER CONTRA ACCOUNTS RATIO
LNCRCD2,CREDIT CARD PLANS-CAVG2
LNCRCD5,CREDIT CARD PLANS-CAVG5
LNDEPAC,TOTAL DEP INST LNS & ACCEPT
LNDEPACD,TOTAL DEP INST LNS & ACCEPT-DOM
LNDEPAOBK,LOANS TO DEPOSITORY INSTITUTIONS AND ACCEPTANCE OF OTHER BANKS
LNDEPAOBKR,LOANS TO DEPOSITORY INSTITUTIONS AND ACCEPTANCE OF OTHER BANKS RATIO
LNDEPCB,DEP INST LNS-COMMERCIAL BANKS
LNDEPCBF,DEP INST LNS-COMMERCIAL BK-FOR
LNDEPCBFR,DEP INST LNS-COMMERCIAL BK-FOR RATIO
LNDEPFC,DEP INST LNS-FOR COUNTRY
LNDEPFCF,DEP INST LNS-FOR COUNTRY-FOR
LNDEPFCFR,DEP INST LNS-FOR COUNTRY-FOR RATIO
LNDEPFUS,DEP INST LNS-FOR COUNTRY-U.S. BR
LNDEPUS,DEP INST LNS-OTH U.S. INST
LNDEPUSB,DEP INST LNS-COM BKS-U.S.BRANCH
LNDEPUSF,DEP INST LNS-OTH U.S. INST-FOR
LNDEPUSFR,DEP INST LNS-OTH U.S. INST-FOR RATIO
LNEXAMT,EXECUTIVE OFFICER LOANS-AMOUNT
LNEXAMTR,EXECUTIVE OFFICER LOANS-AMOUNT RATIO
LNFGFOR,FOREIGN GOVT LOANS-FOR
LNFGFORR,FOREIGN GOVT LOANS-FOR RATIO
LNLSDEPR,NET LOANS & LEASES/DEPOSITS
LNLSFOR,LN&LS + UNEARNED INC-FOR
LNLSFORR,LN&LS + UNEARNED INC-FOR RATIO
LNLSGR5,LOANS AND LEASES-TOTAL-CAVG5
LNLSGRF,LOANS AND LEASES-TOTAL-FOR
LNLSGRFR,LOANS AND LEASES-TOTAL-FOR RATIO
LNLSNTV,NET LOANS & LEASES/ASSETS
LNLSNQR,NET LOANS & LEASES/ASSETS QUARTERLY RATIO
LNLSSALE,LOANS & LEASES HELD FOR RESALE
LNLSSALER,LOANS & LEASES HELD FOR RESALE RATIO
LNPLEDGE,PLEDGED LOANS AND LEASES
LNPLEDGER,PLEDGED LOANS AND LEASES RATIO
LNMUNIF,MUNI LOANS-FOR
LNMUNIFR,MUNI LOANS-FOR RATIO
LNOT1T3,ALL OTHER LNS & LS * 1-3 YEARS
LNOT1T3R,ALL OTHER LNS & LS * 1-3 YEARS RATIO
LNOT3LES,ALL OTHER LNS & LS*3 MO OR LESS
LNOT3LESR,ALL OTHER LNS & LS*3 MO OR LESS RATIO
LNOT3T5,ALL OTHER LNS & LS * 3-5 YEARS
LNOT3T5R,ALL OTHER LNS & LS * 3-5 YEARS RATIO
LNOT3T12,ALL OTHER LNS & LS * 3-12 MONS
LNOT3T12R,ALL OTHER LNS & LS * 3-12 MONS RATIO
LNOT5T15,ALL OTHER LNS & LS * 5-15 YEARS
LNOT5T15R,ALL OTHER LNS & LS * 5-15 YEARS RATIO
LNOTCI2,OTHER LOANS & LEASES-QBP-CAVG2
LNOTCI5,OTHER LOANS & LEASES-QBP-CAVG5
LNOTHERF,LN TO NONDEP FIN INST & OTH-FGN
LNOTHERFR,LN TO NONDEP FIN INST & OTH-FGN RATIO
LNOTOV15,ALL OTHER LNS & LS * OVER 15 YRS
LNOTOV15R,ALL OTHER LNS & LS * OVER 15 YRS RATIO
LNREAG1,RE AGRICULTURAL-UNDER 100-$
LNREAG1R,RE AGRICULTURAL-UNDER 100-$ RATIO
LNREAG2,RE AGRICULTURAL-100-250-$
LNREAG2R,RE AGRICULTURAL-100-250-$ RATIO
LNREAG3,RE AGRICULTURAL-250-500-$
LNREAG3R,RE AGRICULTURAL-250-500-$ RATIO
LNREAG4,RE AGRICULTURAL-UNDER 500-$
LNREAG4R,RE AGRICULTURAL-UNDER 500-$ RATIO
LNREAG1N,RE AGRICULTURAL-UNDER 100-NUM
LNREAG1NR,RE AGRICULTURAL-UNDER 100-NUM RATIO
LNREAG2N,RE AGRICULTURAL-100-250-NUM
LNREAG2NR,RE AGRICULTURAL-100-250-NUM RATIO
LNREAG3N,RE AGRICULTURAL-250-500-NUM
LNREAG3NR,RE AGRICULTURAL-250-500-NUM RATIO
LNREAG4N,RE AGRICULTURAL-UNDER 500-NUM
LNREAG4NR,RE AGRICULTURAL-UNDER 500-NUM RATIO
LNRECNFM,1-4 FAM RE CONSTRUCTION LOANS
LNRECNFMR,1-4 FAM RE CONSTRUCTION LOANS RATIO
LNRECNOT,OTHER RE CONSTRUCTION & LAND LN
LNRECNOTR,OTHER RE CONSTRUCTION & LAND LN
LNREOTH,ALL OTHER RE OWNED-1-4 FAMILY
LNREOTH2,ALL OTHER RE OWNED-1-4 FAMILY2
LNREOTH5,RE 1-4 FAMILY OTHER LOANS CAVG5
LNRENR1,RE NONFARM NONRES-UNDER 100-$
LNRENR1R,RE NONFARM NONRES-UNDER 100-$ RATIO
LNRENR2,RE NONFARM NONRES-100-250-$
LNRENR2R,RE NONFARM NONRES-100-250-$ RATIO
LNRENR3,RE NONFARM NONRES-250-1M-$
LNRENR3R,RE NONFARM NONRES-250-1M-$ RATIO
LNRENR4,RE NONFARM NONRES-UNDER 1M-$
LNRENR4R,RE NONFARM NONRES-UNDER 1M-$ RATIO
LNRENR1N,RE NONFARM NONRES-UNDER 100-NUM
LNRENR1NR,RE NONFARM NONRES-UNDER 100-NUM RATIO
LNRENR2N,RE NONFARM NONRES-100-250-NUM
LNRENR2NR,RE NONFARM NONRES-100-250-NUM RATIO
LNRENR3N,RE NONFARM NONRES-250-1M-NUM
LNRENR3NR,RE NONFARM NONRES-250-1M-NUM RATIO
LNRENR4N,RE NONFARM NONRES-UNDER 1M-NUM
LNRENR4NR,RE NONFARM NONRES-UNDER 1M-NUM RATIO
LNRENROT,OTHER NONFARM NONRES RE LNS
LNRENROTR,OTHER NONFARM NONRES RE LNS RATIO
LNRENROW,OWNER-OCC NONFARM NONRES RE LNS
LNRENROWR,OWNER-OCC NONFARM NONRES RE LNS
LNRENUS,RE LNS-NON US ADDRESSEES
LNRENUSR,RE LNS-NON US ADDRESSEES RATIO
LNRERSF1,RE 1-4 FAMILY-FIRST LIENS-ADJUST
LNRERSF1R,RE 1-4 FAMILY-FIRST LIENS-ADJUST RATIO
LNRERSF2,RE 1-4 FAMILY-SECOND LIENS
LNRERSF2R,RE 1-4 FAMILY-SECOND LIENS RATIO
LNRERSFM,RE 1-4 FAMILY-FIRST LIENS
LNRERSFMR,RE 1-4 FAMILY-FIRST LIENS RATIO
LNRESNCR,LOAN LOSS RESERVE/N/C LOANS
LNRS1T3,RE 1-4 FAMILY * 1-3 YEARS
LNRS1T3R,RE 1-4 FAMILY * 1-3 YEARS RATIO
LNRS3LES,RE 1-4 FAMILY * 3 MONS OR LESS
LNRS3LESR,RE 1-4 FAMILY * 3 MONS OR LESS RATIO
LNRS3T5,RE 1-4 FAMILY * 3-5 YEARS
LNRS3T5R,RE 1-4 FAMILY * 3-5 YEARS RATIO
LNRS3T12,RE 1-4 FAMILY * 3-12 MONTHS
LNRS3T12R,RE 1-4 FAMILY * 3-12 MONTHS RATIO
LNRS5T15,RE 1-4 FAMILY * 5-15 YEARS
LNRS5T15R,RE 1-4 FAMILY * 5-15 YEARS RATIO
LNRSOV15,RE 1-4 FAMILY * OVER 15 YEARS
LNRSOV15R,RE 1-4 FAMILY * OVER 15 YEARS RATIO
LNSB,SMALL BUSINESS LNS SOLD-AMT
LNSBR,SMALL BUSINESS LNS SOLD
LNSERV,PRIN BAL- LNS SERVICE FOR OTHERS
LNSERVR,PRIN BAL- LNS SERVICE FOR OTHERS RATIO
LOCCOM,COMMERCIAL LETTERS OF CREDIT
LOCCOMR,COMMERCIAL LETTERS OF CREDIT RATIO
LOCFPSB,FIN & PERFORM STANDBY LOC
LOCFPSBR,FIN & PERFORM STANDBY LOC RATIO
LOCFPSBK,FIN & PERFORM STANDBY LOC-CONVEY
LOCFPSBKR,FIN & PERFORM STANDBY LOC-CONVEY RATIO
LOCFSB,FINANCIAL STANDBY LOC
LOCFSBR,FINANCIAL STANDBY LOC RATIO
LOCFSBK,FINANCIAL STANDBY LOC-CONVEYED
LOCFSBKR,FINANCIAL STANDBY LOC-CONVEYED RATIO
LOCPSB,PERFORMANCE STANDBY LOC
LOCPSBR,PERFORMANCE STANDBY LOC RATIO
LOCPSBK,PERFORMANCE STANDBY LOC-CONVEYED
LOCPSBKR,PERFORMANCE STANDBY LOC-CONVEYED RATIO
LOREGTY,ORE PROTECTED - LOSS SHARE
LOREGTYR,ORE PROTECTED - LOSS SHARE RATIO
LOTH,ALL OTHER LN & LS - LOSS SHARE
LOTHR,ALL OTHER LN & LS - LOSS SHARE RATIO
LREAG,RE FARMLAND LN - LOSS SH
LREAGR,RE FARMLAND LN - LOSS SH RATIO
LRECONS,RE CONSTRUCT LN - LOSS SHARE
LRECONSR,RE CONSTRUCT LN - LOSS SHARE RATIO
LREMULT,RE MULTIFAMILY LN-LOSS SH
LREMULTR,RE MULTIFAMILY LN-LOSS SH RATIO
LRENRES,RE NONFARM NONRES LN - LOSS SH
LRENRESR,RE NONFARM NONRES LN - LOSS SH RATIO
LRERES,RE 1-4 FAMILY LNS - LOSS SHARE
LRERESR,RE 1-4 FAMILY LNS - LOSS SHARE RATIO
LSALNLS,CARRY AMT LOSS SHARE-LNLS
LSALNLSR,CARRY AMT LOSS SHARE-LNLS RATIO
LSAOA,CARRY AMT LOSS SHARE -OTH ASSET
LSAOAR,CARRY AMT LOSS SHARE -OTH ASSET RATIO
LSAORE,CARRY AMT LOSS SHARE- ORE
LSAORER,CARRY AMT LOSS SHARE- ORE RATIO
LSASCDBT,CARRY AMT LOSS SHARE -DEBT SEC
LSASCDBTR,CARRY AMT LOSS SHARE -DEBT SEC RATIO
LSFOR,LEASES-FOR
LSFORR,LEASES-FOR RATIO
MSA,FIPS MSA CODE
MSRECE,OUT PRIN BAL MORT W/ RECOURSE
MSRECER,OUT PRIN BAL MORT W/ RECOURSE RATIO
MSRESFCL,1-4 FM SERVICED IN FORECLOSURE
MSRESFCLR,1-4 FM SERVICED IN FORECLOSURE RATIO
MSRNRECE,OUT PRIN BAL MORT W/ NO RECOURSE
MSRNRECER,OUT PRIN BAL MORT W/ NO RECOURSE RATIO
NAAG,NONACCRUAL-AGRICULTURAL LNS
NAAGR,NONACCRUAL-AGRICULTURAL LNS RATIO
NAAGSM,NONACCRUAL-AG LNS*SMALL BKS
NAAGSMR,NONACCRUAL-AG LNS*SMALL BKS RATIO
NAASSET,NONACCRUAL-TOTAL ASSETS
NAASSETR,NONACCRUAL-AG LNS*SMALL BKS RATIO
NAAUTO,NONACCRUAL AUTO LOANS
NAAUTOR,NONACCRUAL AUTO LOANS RATIO
NACI,NONACCRUAL-C&I LOANS
NACIR,NONACCRUAL-C&I LOANS RATIO
NACINUS,NONACCRUAL-C&I*NON-U.S.
NACINUSR,NONACCRUAL-C&I*NON-U.S. RATIO
NACON,NONACCRUAL-CONSUMER LOANS
NACONR,NONACCRUAL-CONSUMER LOANS RATIO
NACONOTH,NONACCRUAL-OTHER CONSUMER
NACONOTHR,NONACCRUAL-OTHER CONSUMER RATIO
NACRCD,NONACCRUAL-CREDIT CARD PLANS
NACRCDR,NONACCRUAL-CREDIT CARD PLANS RATIO
NADEP,NONACCRUAL-DEP INST LOANS
NADEPR,NONACCRUAL-DEP INST LOANS RATIO
NADEPNUS,NONACCRUAL-DEP INST*NON U.S.
NADEPNUSR,NONACCRUAL-DEP INST*NON U.S. RATIO
NAFG,NONACCRUAL-FOREIGN GOVT
NAFGR,NONACCRUAL-FOREIGN GOVT RATIO
NAGTY,NONACCRUAL-GTY LN&LS
NAGTYR,NONACCRUAL -GTY LN&LS
NAGTYGNM,NONACCRUAL REBOOKED GNMA LOANS
NAGTYGNMR,NONACCRUAL REBOOKED GNMA LNS
NAGTYPAR,NONACCRUAL-PART GTY LN&LS
NAGTYPARR,NONACCRUAL-PART GTY LN&LS RATIO
NALAG,NONACCRUAL AG LOANS-LOSS SH
NALAGR,NONACCRUAL AG LOANS-LOSS SH RATIO
NALCI,NONACCRUAL C&I LNS-LOSS SH
NALCIR,NONACCRUAL C&I LNS-LOSS SH RATIO
NALCON,NONACCRUAL CONSUMER LN -LOSS SH
NALCONR,NONACCRUAL CONSUMER LN -LOSS SH RATIO
NALGTY,NONACCR PROTECT (GTY)-LOSS SH
NALGTYR,NONACCRUAL PROTECT (GTY)-LOSS SH RATIO
NALNSALE,NONACCRUAL-L&L HELD FOR SALE
NALNSALER,NONACCRUAL-L&L HELD FOR SALE RATIO
NALOTH,NONACCRUAL OTHER LNS-LOSS SH
NALOTHR,NONACCRUAL OTHER LNS-LOSS SH RATIO
NALREAG,NONACCRUAL RE FARM-LOSS SH
NALREAGR,NONACCRUAL RE FARM LOSS SH RATIO
NALRECON,NONACCRUAL CONSTR LN -LOSS SH
NALRECONR,NONACCRUAL CONSTR LN -LOSS SH RATIO
NALREMUL,NONACCRUAL MULTIFAM - LOSS SH
NALREMULR,NONACCRUAL MULTIFAM - LOSS SH RATIO
NALRENRS,NONACCRUAL NFNR LN - LOSS SH
NALRENRSR,NONACCRUAL NFNR LN - LOSS SH RATIO
NALRERES,NONACCRUAL 1-4 FM LN-LOSS SH
NALRERESR,NONACCRUAL 1-4 FM LN-LOSS SH RATIO
NALS,NONACCRUAL-LEASES
NALSR,NONACCRUAL-LEASES RATIO
NALTOT,NONACCRUAL TOTAL LOANS - LOSS SH
NALTOTR,NONACCRUAL TOTAL LOANS - LOSS SH RATIO
NAME,INSTITUTION NAME
NAMEFULL,INSTITUTION FULL NAME
NAOTHLN,NONACCRUAL-ALL OTHER LOANS
NAOTHLNR,NONACCRUAL-ALL OTHER LOANS RATIO
NARE,NONACCRUAL-REAL ESTATE LOANS
NARER,NONACCRUAL-REAL ESTATE LOANS RATIO
NAREAG,NONACCRUAL-RE*FARMLAND
NAREAGR,NONACCRUAL-RE*FARMLAND RATIO
NARECNFM,NONACCRUAL 1-4 FAM CONSTRUCT LN
NARECNFMR,NONACCRUAL 1-4 FAM CONSTRUCT LN RATIO
NARECNOT,NONACCRUAL OTHER CONSTR & LAND
NARECNOTR,NONACCRUAL OTHER CONSTR & LAND RATIO
NARECONS,NONACCRUAL-RE*CONSTRUCTION
NARECONSR,NONACCRUAL-RE*CONSTRUCTION RATIO
NAREFOR,NONACCRUAL-RE*FOREIGN
NAREFORR,NONACCRUAL-RE*FOREIGN RATIO
NARELOC,NONACCRUAL-RE*1-4 FAM LINES
NARELOCR,NONACCRUAL-RE*1-4 FAM LINES RATIO
NAREMULT,NONACCRUAL-RE*MULTIFAMILY
NAREMULTR,NONACCRUAL-RE*MULTIFAMILY RATIO
NARENRES,NONACCRUAL-RE*NONFARM NONRES
NARENRESR,NONACCRUAL-RE*NONFARM NONRES RATIO
NARENROT,NONACCRUAL OTHER NONFARM NONRES
NARENROTR,NONACCRUAL OTHER NONFARM NONRES RATIO
NARENROW,NONACCRUAL 0WN-OCC NONFRM NONRS
NARENROWR,NONACCRUAL OWN-OCC NONFRM NONRS RATIO
NARENUS,NONACCRUAL-RE*NON-U.S.
NARENUSR,NONACCRUAL-RE*NON-U.S. RATIO
NARERES,NONACCRUAL-RE*1-4 FAMILY
NARERESR,NONACCRUAL-RE*1-4 FAMILY RATIO
NARERSF2,NONACCRUAL-RE*1-4 JUNIOR LIEN
NARERSF2R,NONACCRUAL-RE*1-4 JN LIEN RATIO
NARERSFM,NONACCRUAL-RE*1-4 IST LIEN
NARERSFMR,NONACCRUAL-RE*1-4 IST LIEN RATIO
NARSCI,NONACCRUAL RESTRUCT C&I LN
NARSCONS,NONACCR RESTRUCT CONSTRUCTION
NARSLNFM,NONACCRUAL RESTRU LN- 1-4 FAM
NARSLNFMR,NONACCRUAL RESTRU LN- 1-4 FAM RATIO
NARSLNLS,NONACCRUAL RESTRU LN EXCL 1-4 FM
NARSLNLSR,NONACCRUAL RESTRU LN EXCL 1-4 FM RATIO
NARSLNLT,NONACCRUAL RESTRUCT LN- TOTAL
NARSLNLTR,NONACCRUAL RESTRUCT LN- TOTAL RATIO
NARSMULT,NONACCRUAL RESTRUCT MULTIFAMILY
NARSNRES,NONACCR RESTRUCTURED NFNR LN
NARSOTH,NONACCRUAL RESTRUCT ALL OTH LN
NASCDEBT,NONACCRUAL-DEBT SECURITIES
NASCDEBTR,NONACCRUAL-DEBT SECURITIES RATIO
NCAG,TOTAL N/C-AGRICULTURAL LNS
NCAUTO,N/C AUTO LOANS
NCCI,TOTAL N/C-C&I LOANS
NCCOMRER,NC COMMERCIAL RE/COMMERCIAL RE
NCCOMRE,NC COMMERCIAL RE/COMMERCIAL RE
NCCON,TOTAL N/C-CONSUMER LOANS
NCCONOTH,TOTAL N/C-OTHER CONSUMER
NCCRCD,TOTAL N/C CREDIT CARD PLANS
NCDEP,TOTAL N/C-DEP INST LOANS
NCFG,TOTAL N/C-FOREIGN GOVT
NCGTYPAR,TOTAL N/C-PART GTY LN&LS
NCLNLSR,N/C LNS & LS/GROSS LNS & LS
NCLS,TOTAL N/C-LEASES
NCOTHLN,TOTAL N/C-ALL OTHER LOANS
NCRE,TOTAL N/C REAL ESTATE LOANS
NCRECONR,N/C CONST REAL ESTATE/CONST RE
NCRECONS,TOTAL N/C CONST REAL ESTATE CONSTRUCTION
NCRELOC,TOTAL N/C-RE 1-4 FAMILY LINES
NCRELOCR,N/C HOME EQUITY/HOME EQUITY
NCREMULR,N/C MULTIFAMLY RE/MULTIFAMLY RE
NCREMULT,TOTAL N/C MULTIFAMLY RE
NCRENRER,N/C NONFARM NONRES RE/NONRES RE
NCRENRES,TOTAL N/C NONFARM NONRES RE
NCRER,N/C REAL ESTATE LNS/REAL ESTATE
NCRERESO,N/C 1-4 OTHER RE/1-4 OTHER RE
NCREREOR,N/C 1-4 OTHER RE/1-4 OTHER RE
NCRERES,N/C 1-4 FAMILY RE
NCRERESR,N/C 1-4 FAMILY RE/1-4 FAMILY RE
NETGNAST,NET G/L ON SALES OF FIX ASSETS
NETGNASTR,NET G/L ON SALES OF FIX ASSETS RATIO
NTGLFXAQ,NET G/L ON SALES OF FIX ASSETS QUARTERLY
NTGLFXAQR,NET G/L ON SALES OF FIX ASSETS QUARTERLY RATIO
NETGNSLN,NET G/L ON SALES OF LOANS
NETGNSLNR,NET G/L ON SALES OF LOANS RATIO
NTGLLNQ,NET G/L ON SALES OF LOANS QUARTERLY
NTGLLNQR,NET G/L ON SALES OF LOANS QUARTERLY RATIO
NETGNSRE,NET G/L ON OTHER RE OWNED
NETGNSRER,NET G/L ON OTHER RE OWNED RATIO
NTGLREQ,NET G/L ON OTHER RE OWNED QUARTERLY
NTGLREQR,NET G/L ON OTHER RE OWNED QUARTERLY RATIO
NETINCA,NET INCOME- BANK- ANN
NIMY,NET INTEREST MARGIN
NIMYQ,NET INTEREST MARGIN QUARTERLY
NOIJ,NET OPERATING INCOME-ADJ
NOIJR,NET OPERATING INCOME-ADJ RATIO
NOIJY,NET OPERATING INCOME-ADJ/ASSETS
NOIJYQ,NET OPERATING INCOME-ADJ/ASSETS QUARTERLY
NOIJA,NET OPERATING INCOME-ADJ ANNUALLY
NOIJQ,NET OPERATING INCOME-ADJ QUARTERLY
NOIJQA,NET OPERATING INCOME-ADJ QUARTERLY
NOIJQR,NET OPERATING INCOME-ADJ QUARTERLY RATIO
NONIIAY,NONINTEREST INC/AVERAGE ASSETS
NONIIAYQ,NONINTEREST INC/AVERAGE ASSETS QUARTERLY
NONIIA,TOTAL NONINTEREST INCOME ANNUALLY
NONIIQ,TOTAL NONINTEREST INCOME-QTR
NONIIQA,TOTAL NONINTEREST INCOME-QTR
NONIIQR,TOTAL NONINTEREST INCOME-QTR RATIO
NONIXAY,NONINTEREST EXP/AVERAGE ASSETS
NONIXAYQ,NONINTEREST EXP/AVERAGE ASSETS QUARTERLY
NONIXA,TOTAL NONINTEREST EXPENSE ANNUALLY
NPERF,NONPERF ASSETS/TOTAL ASSETS
NPERFV,NONPERF ASSETS/TOTAL ASSETS
NTAG,AGRICULTURAL LN NET CHARGE-OFFS
NTAGR,AGRICULTURAL LN NET CHARGE-OFFS RATIO
NTAGA,AGRICULTURAL LN NET-CHG-ANN
NTAGQ,AG LOAN NET CHARGE-OFFS-QTR
NTAGQR,AG LOAN NET CHARGE-OFFS-QTR RATIO
NTAGSM,AG LN NET CHARGE-OFFS*SMALL BKS
NTAGSMR,AG LN NET CHARGE-OFFS*SMALL BKS RATIO
NTAGSMQ,AG LN NET CHARGE-OFFS*SMALL BKS QUARTERLY
NTAGSMQR,AG LN NET CHARGE-OFFS*SMALL BKS QUARTERLY RATIO
NTAUTO,AUTO LOANS - NET CHARGE-OFFS
NTAUTOR,AUTO LOANS - NET CHARGE-OFFS RATIO
NTAUTOA,AUTO LNS - NET CHG-OFFS - ANN
NTAUTOQ,AUTO LNS - NET CHG-OFFS - QTR
NTAUTOLNQR,AUTO LNS - NET CHG-OFFS - QTR RATIO
NTAUTOQR,AUTO LN-CHG-OFF- QTR/AUTO LN
NTCI,COMMERCIAL LOAN NET CHARGE-OFFS
NTCIR,COMMERCIAL LOAN NET CHARGE-OFFS RATIO
NTCIA,COMMERCIAL LOAN NET-CHG-ANN
NTCINUS,NON-U.S.COMMERCIAL LN NET CHG-OF
NTCINUSR,NON-U.S.COMMERCIAL LN NET CHG-OF RATIO
NTCINUSQ,NON-U.S.COMMERCIAL LN NET CHG-OF QUARTERLY
NTCINUSQR,NON-U.S.COMMERCIAL LN NET CHG-OF QUARTERLY RATIO
NTCIQ,COMMERCIAL LOAN NET-CHG-QTR
NTCIQR,COMMERCIAL LOAN NET-CHG-QTR RATIO
NTCOMRER,COMMERCIAL RE CHG-OFF/COMM RE LN
NTCOMREQ,COMMERCIAL RE CHG-OFF/COMM RE LN QUARTERLY
NTCOMREA,COMMERCIAL RE LN CHG-ANN
NTCON,CONSUMER LOAN NET CHARGE-OFFS
NTCONR,CONSUMER LOAN NET CHARGE-OFFS RATIO
NTCONA,CONSUMER LOAN NET-CHG-ANN
NTCONOTA,OTHER CONSUMER LOAN NET-CHG-ANN
NTCONOTH,OTHER CONSUMER LN NET CHARGE-OFF
NTCONOTHR,OTHER CONSUMER LN NET CHARGE-OFF RATIO
NTCONOTQ,OTHER CONSUMER LN NET-CHG-QTR
NTCONOTQR,OTHER CONSUMER LN NET-CHG-QTR RATIO
NTCONQ,CONSUMER LOAN NET-CHG-QTR
NTCONQR,CONSUMER LOAN NET-CHG-QTR RATIO
NTCONTQR,OTH.CONSUMER CHGOFF-QTR/OTH.CONS
NTCRCD,CREDIT CARD LOAN NET CHARGE-OFFS
NTCRCDR,CREDIT CARD LOAN NET CHARGE-OFFS RATIO
NTCRCDA,CREDIT CARD LOAN NET-CHG-ANN
NTCRCDQ,CREDIT CARD LN NET-CHG-QTR
NTCRCDQR,CREDIT CARD LN NET-CHG-QTR RATIO
NTDEP,DEPOSITORY INST LOAN NET CHG-OFF
NTDEPR,DEPOSITORY INST LOAN NET CHG-OFF RATIO
NTDEPNUS,FOREIGN DEP INST LN NET CHG-OFFS
NTDEPNUSR,FOREIGN DEP INST LN NET CHG-OFFS RATIO
NTDEPNUQ,FOREIGN DEP INST LN NET CHG-OFFS QUARTERLY
NTDEPNUQR,FOREIGN DEP INST LN NET CHG-OFFS QUARTERLY RATIO
NTDEPQ,DEPOSITORY INST LOAN NET-CHG-QTR
NTDEPQR,DEPOSITORY INST LOAN NET-CHG-QTR RATIO
NTFORGV,FOREIGN GOVT LN NET CHG-OFFS
NTFORGVR,FOREIGN GOVT LN NET CHG-OFFS RATIO
NTFORGVQ,FOREIGN GOV LN NET-CHG-QTR
NTFORGVQR,FOREIGN GOV LN NET-CHG-QTR RATIO
NTINCHPP,NET INCOME-BK-HIGHER-PP
NTINCL,NET INCOME-BANK- LOSERS
NTINCLQ,NET INCOME-BK-LOSER-QTR
NTLNLSA,TOTAL LN&LS NET-CHG-ANN
NTINQHPP,null
NTLNLSR,NET CHARGE-OFFS/LOANS & LEASES
NTLNLSQR,NET CHARGE-OFFS/LOANS & LEASES QUARTERLY
NTLS,LEASE NET CHARGE-OFFS
NTLSR,LEASE NET CHARGE-OFFS RATIO
NTLSQ,LEASE NET CHARGE-OFFS-QTR
NTLSQR,LEASE NET CHARGE-OFFS-QTR RATIO
NTOTHER,ALL OTHER LOAN NET CHARGE-OFFS
NTOTHERR,ALL OTHER LOAN NET CHARGE-OFFS RATIO
NTOTHQ,ALL OTHER LN NET-CHG-QTR
NTOTHQR,ALL OTHER LN NET-CHG-QTRS RATIO
NTRCDSM,"AMT TIME DEP OF $100,000 OR LESS"
NTRCDSMR,"AMT TIME DEP OF $100,000 OR LESS RATIO"
NTRCOMOT,NONTRANSACTN-COM BKS & OTH U.S.
NTRCOMOTR,NONTRANSACTN-COM BKS & OTH U.S RATIO
NTRE,REAL ESTATE LOAN NET CHARGE-OFFS
NTREMUQA,null
NTRECOQA,null
NTRELNR,REAL ESTATE LOAN NET CHARGE-OFFS RATIO
NTREQ,REAL ESTATE LOAN NET CHARGE-OFFS QUARTERLY
NTREQA,REAL ESTATE LOAN NET CHARGE-OFFS QUARTERLY
NTRERQ,REAL ESTATE LOAN NET CHARGE-OFFS QUARTERLY RATIO
NTREAG,FARMLAND RE LN NET CHARGE-OFFS
NTREAGR,FARMLAND RE LN NET CHARGE-OFFS RATIO
NTREAGQ,FARMLAND RE LN NET-CHG-QTR
NTREA,RE LN NET-CHG-ANN
NTREAGQR,FARMLAND RE LN NET-CHG-QTR RATIO
NTRECNFM,1-4 FAM CONST LN NET-OFF
NTRECNOT,OTHER CONSTRUCT NET CHG-OFF
NTRECONQ,CONSTRUCTION RE LN NET-CHG-QTR
NTRECONQR,CONSTRUCTION RE LN NET-CHG-QTR RATIO
NTRECONS,CONSTRUCTION RE LN NET CHG-OFFS
NTRECOSA,CONST RE LOANS NET-CHG-ANN
NTRECONSR,CONSTRUCTION RE LN NET CHG-OFFS RATIO
NTRECOSR,CONST RE CHG-OFF/CONST RE LOANS
NTRECOQR,CONST RE CHG-OFF/CONST RE LOANS QUARTERLY
NTREFOR,REAL ESTATE LN NET CHG-OFF-FOR
NTREFORR,REAL ESTATE LN NET CHG-OFF-FOR RATIO
NTREFORQ,REAL ESTATE LN NET CHG-OFF-FOR QUARTERLY
NTREFORQR,REAL ESTATE LN NET CHG-OFF-FOR QUARTERLY RATIO
NTRELOC,LINE OF CREDIT RE LN NET CHG-OFF
NTRELOCLNR,LINE OF CREDIT RE LN NET CHG-OFF RATIO
NTRELOCQ,LINE OF CREDIT RE LN NET CHG-OFF QUARTERLY
NTRELOCA,LINE OF CREDIT RE LN NET CHG-OFF ANNUALLY
NTRELOCQR,LINE OF CREDIT RE LN NET CHG-OFF QUARTERLY RATIO
NTRELOCRQ,HOME EQUITY CHG-OFF/HOME EQ LNS QUARTERLY RATIO
NTRELOCR,HOME EQUITY CHG-OFF/HOME EQ LNS
NTREMULQ,MULTIFAMILY RE LN NET-CHG-QTR
NTREMULA,MULTIFAMILY RES RE LN NET-CHG-ANN
NTREMULQR,MULTIFAMILY RE LN NET-CHG-QTR RATIO
NTREMULR,MULTIFAM RE CHG-OFF/MULTI RE LN
NTREMUQR,MULTIFAM RE CHG-OFF/MULTI RE LN QUARTERLY
NTREMULT,MULTIFAMLY RES RE LN NET CHG-OFF
NTREMULTR,MULTIFAMLY RES RE LN NET CHG-OFF RATIO
NTRENRES,NONFARM NONRES RE LN NET CHG-OFF
NTRENRESR,NONFARM NONRES RE LN NET CHG-OFF RATIO
NTRENROT,OTHER NONFARM NONRS NET CHG-OFF
NTRENROW,OWN OCC NONFRM NONRS NET CHG-OFF
NTRENRSA,NONFARM NONRES RE LN NET-CHG-ANN
NTRENRSQ,NONFARM NONRES RE LN NET-CHG-QTR
NTRENRSQR,NONFARM NONRES RE LN NET-CHG-QTR RATIO
NTRENRSR,NONRES CHG-OFF/NONRES LOANS
NTRENRQR,NONRES CHG-OFF/NONRES LOANS QUARTERLY
NTRENUS,NON-U.S. RE LN NET CHARGE-OFFS
NTRENUSR,NON-U.S. RE LN NET CHARGE-OFFS RATIO
NTRENUSQ,NON-U.S. RE LN NET CHARGE-OFFS QUARTERLY
NTREOTHA,OTHER 1-4 FAM RE OTHER LN NET-CHG-ANN
NTRENUSQR,NON-U.S. RE LN NET CHARGE-OFFS QUARTERLY RATIO
NTREOTHR,OTHER 1-4 FAM RE CHG-OFF/OTH 1-4
NTREOTHRQR,OTHER 1-4 FAM RE CHG-OFF/OTH 1-4 QUARTERLY RATIO
NTREOTQA,OTHER 1-4 FAM RE CHG-OFF/OTH 1-4 QUARTERLY
NTRER,RE CHARGE-OFF/RE LOANS
NTREQR,RE CHARGE-OFF/RE LOANS QUARTERLY
NTRERES,RE LOANS 1-4 FAMILY NET CHG-OFFS
NTRERESLNR,RE LOANS 1-4 FAMILY NET CHG-OFFS RATIO
NTRERESQ,RE LOANS 1-4 FAMILY NET-CHG-QTR
NTRERESA,RE LOANS 1-4 FAMILY NET-CHG-ANN
NTRERESQR,RE LOANS 1-4 FAMILY NET-CHG-QTR RATIO
NTRERESR,1-4 FAM RE CHG-OFF/1-4 FAM LOANS
NTRERESRQ,1-4 FAM RE CHG-OFF/1-4 FAM LOANS QUARTERLY RATIO
NTRERSF2,RE LN 1-4 FAM JR LIEN-NET C/OFF
NTRERSF2R,RE LN 1-4 FAM JR LIEN-NET C/OFF RATIO
NTRERS2Q,RE LN 1-4 FAM JR LIEN-NET C/OFF QUARTERLY
NTRERS2QR,RE LN 1-4 FAM JR LIEN-NET C/OFF QUARTERLY RATIO
NTRERSFM,RE LN 1-4FAM IST LIEN-NET C/OFF
NTRERSFMR,RE LN 1-4FAM IST LIEN-NET C/OFF RATIO
NTRERSFQ,RE LN 1-4FAM IST LIEN-NET C/OFF QUARTERLY
NTRERSFQR,RE LN 1-4FAM IST LIEN-NET C/OFF QUARTERLY RATIO
NTREOFFDOM,REAL ESTATE LOAN NET CHARGE-OFFS DOMESTIC OFFICES
NTREOFFDOMR,REAL ESTATE LOAN NET CHARGE-OFFS DOMESTIC OFFICES RATIO
NTREOFFDOMQ,REAL ESTATE LOAN NET CHARGE-OFFS DOMESTIC OFFICES QUARTERLY
NTREOFFDOMQR,REAL ESTATE LOAN NET CHARGE-OFFS DOMESTIC OFFICES QUARTERLY RATIO
NTRFC,NONTRANSACTION-FOR COUNTRY
NTRFCFG,NONTRANSACTION-FOR CNTRY & GOVT
NTRFCFGR,NONTRANSACTION-FOR CNTRY & GOVT RATIO
NTRFG,NONTRANSACTION-FOR GOVERNMENT
NTRSMMDA,SAVINGS DEP-MMDA
NTRSMMDAR,SAVINGS DEP-MMDA RATIO
NTRSOTH,SAVINGS DEP-OTHER
NTRSOTHR,SAVINGS DEP-OTHER RATIO
OAIENC,INCOME EARNED NOT COLLECTED
OALIFGEN,LIFE INS ASSETS - GENERAL ACC
OALIFGENR,LIFE INS ASSETS - GENERAL ACC RATIO
OALIFHYB,LIFE INS ASSETS - HYBRID ACC
OALIFHYBR,LIFE INS ASSETS - HYBRID ACC RATIO
OALIFINS,LIFE INSURANCE ASSETS
OALIFINSR,LIFE INSURANCE RATIO
OALIFSEP,LIFE INS ASSETS - SEPARATE ACC
OALIFSEPR,LIFE INS ASSETS - SEPARATE ACC RATIO
OBSDIR,OFF-BALANCE SHEET DERIVATIVES
OREAG,ALL OTHER RE OWNED-FARMLAND
OREAGR,ALL OTHER RE OWNED-FARMLAND RATIO
ORECONS,ALL OTHER RE OWNED-CONST
ORECONSR,ALL OTHER RE OWNED-CONST RATIO
OREGNMA,ALL OTHER RE OWNED-GNMA LOANS
OREINV,DIRECT & INDIRECT INVEST IN ORE
OREINVR,DIRECT & INDIRECT INVEST IN ORE RATIO
OREMULT,ALL OTHER RE OWNED-MULTI
OREMULTR,ALL OTHER RE OWNED-MULTI RATIO
ORENRES,ALL OTHER RE OWNED-NONFARM
ORENRESR,ALL OTHER RE OWNED-NONFARM RATIO
OREOTH,OTHER REAL ESTATE OWNED
OREOTHR,OTHER REAL ESTATE OWNED RATIO
OREOTHF,OTHER REAL ESTATE OWNED-FOR
OREOTHFR,OTHER REAL ESTATE OWNED-FOR RATIO
ORERES,ALL OTHER RE OWNED-1-4 FAMILY
ORERESR,ALL OTHER RE OWNED 1-4 FAMILIY RATIO
OTHBORF,OTHER BORROWED MONEY-FOR
OTHFFC,OTHER-FUTURES & FORWARD CONTRACT
OTHFFCR,OTHER-FUTURES & FORWARD CONTRACT RATIO
OTHNVS,OTHER-NOTIONAL VALUE SWAPS
OTHOFFBS,ALL OTH OFF-BALANCE SHEET LIAB
OTHOFFBSR,ALL OTH OFF-BALANCE SHEET LIAB RATIO
OTHPOC,OTHER-PURCHASED OPTION CONTRACTS
OTHWOC,OTHER-WRITTEN OPTION CONTRACTS
OTSREGNM,OTS REGION NAME
OWNCRCI,REC OWN INTEREST SEC - CI
OWNCRCRD,REC OWN INTEREST SEC - CRCD
OWNCRHEL,REC OWN INTEREST SEC - HEL
OWNDRCI,C/O OWN INTEREST SEC - CI
OWNDRCRD,C/O OWN INTEREST SEC - CRCD
OWNDRHEL,C/O OWN INTEREST SEC - HEL
OWNLNCI,LN SECURE HELD IN SEC - CI
OWNLNCRD,LN SECURE HELD IN SEC - CRCD
OWNLNHEL,LN SECURE HELD IN SEC - HEL
OWNP3CI,PD 30-89 OWN INTEREST SEC - CI
OWNP3CRD,PD 30-89 OWN INTEREST SEC - CRCD
OWNP3HEL,PD30-89 OWN INTEREST SEC - HEL
OWNP9CI,PD 90 + OWN INTEREST SEC - CI
OWNP9CRD,PD 90 + OWN INTEREST SEC - CRCD
OWNP9HEL,PD 90 + OWN INTEREST SEC - HEL
OWNSCCI,SEC. SECURE HELD IN RC-B - CI
OWNSCCRD,SEC. SECURE HELD IN RC-B - CRCD
OWNSCHEL,SEC. SECURE HELD IN RC-B - HEL
P3AG,30-89 DAYS P/D-AGRICULTURAL LNS
P3AGR,30-89 DAYS P/D-AGRICULTURAL LNS RATIO
P3AGSM,30-89 DAYS P/D-AG LNS*SMALL BKS
P3AGSMR,30-89 DAYS P/D-AG LNS*SMALL BKS RATIO
P3ASSET,30-89 DAYS P/D-TOTAL ASSETS
P3ASSETR,30-89 DAYS P/D TOTAL ASSETS RATIO
P3AUTO,30-89 DAYS P/D AUTO LOANS
P3AUTOR,30-89 DAYS P/D AUTO LOANS RATIO
P3CI,30-89 DAYS P/D-C&I LOANS
P3CIR,30-89 DAYS P/D-C&I LOANS RATIO
P3CINUS,30-89 DAYS P/D-C&I*NON-U.S.
P3CINUSR,30-89 DAYS P/D-C&I*NON-U.S. RATIO
P3CON,30-89 DAYS P/D-CONSUMER LOANS
P3CONR,30-89 DAYS P/D-CONSUMER LOANS RATIO
P3CONOTH,30-89 DAYS P/D-OTHER CONSUMER
P3CONOTHR,30-89 DAYS P/D-OTHER CONSUMER RATIO
P3CRCD,30-89 DAYS P/D-CREDIT CARD PLANS
P3CRCDR,30-89 DAYS P/D-CREDIT CARD PLANS RATIO
P3DEP,30-89 DAYS P/D-DEP INST LOANS
P3DEPR,30-89 DAYS P/D-DEP INST LOANS
P3DEPNUS,30-89 DAYS P/D-DEP INST*NON U.S.
P3DEPNUSR,30-89 DAYS P/D-DEP INST*NON U.S.
P3FG,30-89 DAYS P/D-FOREIGN GOVT
P3FGR,30-89 DAYS P/D-FOREIGN GOVT RATIO
P3GTY,30-89 DAYS P/D-GTY LN&LS
P3GTYR,30-89 DAYS P/D-GTY LN&LS
P3GTYGNM,30-89 DAY P/D-REBOOKED GNMA LNS
P3GTYGNMR,30-89 DAY P/D-REBOOKED GNMA LNS
P3GTYPAR,30-89 DAYS P/D-PART GTY LN&LS
P3GTYPARR,30-89 DAYS P/D-PART GTY LN&LS RATIO
P3LAG,30-89 DAY P/D AG LOANS-LOSS SH
P3LAGR,30-89 DAY P/D AG LOANS-LOSS SH RATIO
P3LCI,30-89 DAYS P/D C&I LNS-LOSS SH
P3LCIR,30-89 DAYS P/D C&I LNS-LOSS SH RATIO
P3LCON,30-89 D P/D CONSUMER -LOSS SH
P3LCONR,30-89 D P/D CONSUMER -LOSS SH RATIO
P3LGTY,30-89 P/D PROTECT (GTY)-LOSS SH
P3LGTYR,30-89 P/D PROTECT (GTY)-LOSS SH RATIO
P3LNSALE,30-89 DAYS P/D-L&L HELD FOR SALE
P3LNSALER,30-89 DAYS P/D-L&L HELD FOR SALE RATIO
P3LOTH,30-89 DAYS P/D OTH LNS-LOSS SH
P3LOTHR,30-89 DAYS P/D OTH LNS-LOSS SH RATIO
P3LREAG,30-89 DAY P/D RE FARM-LOSS SH
P3LREAGR,30-89 DAY P/D RE FARM-LOSS SH RATIO
P3LRECON,30-89 P/D CONSTRUCTION -LOSS SH
P3LRECONR,30-89 P/D CONSTRUCTION -LOSS SH RATIO
P3LREMUL,30-89 DAY P/D MULTIFAM -LOSS SH
P3LREMULR,30-89 DAY P/D MULTIFAM -LOSS SH RATIO
P3LRENRS,30-89 P/D NONFRM NONRS -LOSS SH
P3LRENRSR,30-89 P/D NONFRM NONRS -LOSS SH RATIO
P3LRERES,30-89 D P/D 1-4 FAMILY -LOSS SH
P3LRERESR,30-89 P/D 1-4 FAMILY -LOSS SH RATIO
P3LS,30-89 DAYS P/D-LEASES
P3LSR,30-89 DAYS P/D-LEASES RATIO
P3LTOT,30-89 D P/D TOTAL LOANS-LOSS SH
P3LTOTR,30-89 DAYS P/D-TOTAL LOANS-LOSS SH RATIO
P3OTHLN,30-89 DAYS P/D-ALL OTHER LOANS
P3OTHLNR,30-89 DAYS P/D-ALL OTHER LOANS RATIO
P3RE,30-89 DAYS P/D-REAL ESTATE LOANS
P3RER,30-89 DAYS P/D-REAL ESTATE LOANS RATIO
P3REAG,30-89 DAYS P/D-RE*FARMLAND
P3REAGR,30-89 DAYS P/D-RE*FARMLAND
P3RECNFM,30-89 DAYS P/D 1-4 FAM CONSTR LN
P3RECNFMR,30-89 DAYS P/D 1-4 FAM CONSTR LN
P3RECNOT,30-89 DAYS P/D OTH CONSTR & LAND
P3RECNOTR,30-89 DAYS P/D OTH CONSTR & LAND
P3RECONS,30-89 DAYS P/D-RE*CONSTRUCTION
P3RECONSR,30-89 DAYS P/D-RE*CONSTRUCTION
P3REFOR,30-89 DAYS P/D-RE*FOREIGN
P3REFORR,30-89 DAYS P/D-RE*FOREIGN RATIO
P3RELOC,30-89 DAYS P/D-RE*1-4 FAM LINES
P3RELOCR,30-89 DAYS P/D-RE*1-4 FAM LINES RATIO
P3REMULT,30-89 DAYS P/D-RE*MULTIFAMILY
P3REMULTR,30-89 DAYS P/D-RE*MULTIFAMILY
P3RENRES,30-89 DAYS P/D-RE*NONFARM NONRES
P3RENRESR,30-89 DAYS P/D-RE*NONFARM NONRES
P3RENROT,30-89 DAYS P/D OTH NONFRM NONRES
P3RENROTR,30-89 DAYS P/D OTH NONFRM NONRES
P3RENROW,30-89 DAYS P/D 0WN-OCC NONF NONRS
P3RENROWR,30-89 DAYS P/D OWN-OCC NONF NONRS RATIO
P3RENUS,30-89 DAYS P/D-RE*NON-U.S.
P3RENUSR,30-89 DAYS P/D-RE*NON-U.S.
P3RERES,30-89 DAYS P/D-RE*1-4 FAMILY
P3RERESR,30-89 DAYS P/D-RE*1-4 FAMILY
P3RERSF2,30-89 DAYS P/D-RE*1-4 JN LIEN
P3RERSF2R,30-89 DAYS P/D-RE*1-4 JN LIEN RATIO
P3RERSFM,30-89 DAYS P/D-RE*1-4 IST LIEN
P3RERSFMR,30-89 DAYS P/D-RE*1-4 IST LIEN RATIO
P3RSCI,30-89 DAY P/D RESTRUCT C&I LN
P3RSCONS,30-89 P/D RESTRUCT CONSTRUCTION
P3RSLNFM,30-89 DAY P/D RESTR LN- 1-4 FAM
P3RSLNFMR,30-89 DAY P/D RESTR LN- 1-4 FAM RATIO
P3RSLNLS,30-89 D P/D RESTR LN EXCL1-4 FM
P3RSLNLSR,30-89 D P/D RESTR LN EXCL1-4 FM RATIO
P3RSLNLT,30-89 DAY P/D RESTR LN- TOTAL
P3RSLNLTR,30-89 DAY P/D RESTR LN- TOTAL RATIO
P3RSMULT,30-89 D P/D RESTRUCT MULTIFAM
P3RSNRES,30-89 DAY P/D RESTRUCT NFNR LN
P3RSOTH,30-89 D P/D RESTRUCT ALL OTH LN
P3SCDEBT,30-89 DAYS P/D-DEBT SECURITIES
P3SCDEBTR,30-89 DAYS P/D-DEBT SECURITIES RATIO
P9AG,90+ DAYS P/D-AGRICULTURAL LNS
P9AGR,90+ DAYS P/D-AGRICULTURAL LNS RATIO
P9AGSM,90+ DAYS P/D-AG LNS*SMALL BKS
P9AGSMR,90+ DAYS P/D-AG LNS*SMALL BKS RATIO
P9ASSET,90+ DAYS P/D-TOTAL ASSETS
P9ASSETR,90+ DAYS P/D-TOTAL ASSETS RATIO
P9AUTO,90+ DAYS P/D AUTO LOANS
P9AUTOR,90+ DAYS P/D AUTO LOANS RATIO
P9CI,90+ DAYS P/D-C&I LOANS
P9CIR,90+ DAYS P/D-C&I LOANS RATIO
P9CINUS,90+ DAYS P/D-C&I*NON-U.S.
P9CINUSR,90+ DAYS P/D-C&I*NON-U.S. RATIO
P9CON,90+ DAYS P/D-CONSUMER LOANS
P9CONR,90+ DAYS P/D-CONSUMER LOANS RATIO
P9CONOTH,90+ DAYS P/D-OTHER CONSUMER
P9CONOTHR,90+ DAYS P/D-OTHER CONSUMER RATIO
P9CRCD,90+ DAYS P/D-CREDIT CARD PLANS
P9CRCDR,90+ DAYS P/D-CREDIT CARD PLANS RATIO
P9DEP,90+ DAYS P/D-DEP INST LOANS
P9DEPR,90+ DAYS P/D-DEP INST LOANS RATIO
P9DEPNUS,90+ DAYS P/D-DEP INST*NON U.S.
P9DEPNUSR,90+ DAYS P/D-DEP INST*NON U.S. RATIO
P9FG,90+ DAYS P/D-FOREIGN GOVT
P9FGR,90+ DAYS P/D-FOREIGN GOVT RATIO
P9GTY,90+ DAYS P/D-GTY LN&LS
P9GTYR,90+ DAYS P/D-GTY LN&LS
P9GTYGNM,90+ DAYS P/D-REBOOKED GNMA LNS
P9GTYGNMR,90+ DAY P/D-REBOOKED GNMA LNS
P9GTYPAR,90+ DAYS P/D-PART GTY LN&LS
P9GTYPARR,90+ DAYS P/D-PART GTY LN&LS RATIO
P9LAG,90+ DAYS P/D AG LOANS-LOSS SH
P9LAGR,90+ DAYS P/D AG LOANS-LOSS SH RATIO
P9LCI,90+DAYS P/D C&I LNS-LOSS SH
P9LCIR,90+ DAYS P/D C&I LNS-LOSS SH RATIO
P9LCON,90+ D P/D CONSUMER LN - LOSS SH
P9LCONR,90+ D P/D CONSUMER LN - LOSS SH RATIO
P9LGTY,90+ D P/D PROTECT (GTY)-LOSS SH
P9LGTYR,90+ D P/D PROTECT (GTY)-LOSS SH RATIO
P9LNSALE,90 DAYS P/D-L&L HELD FOR SALE
P9LNSALER,90+ DAYS P/D-L&L HELD FOR SALE RATIO
P9LOTH,90+ DAYS P/D OTHER LNS-LOSS SH
P9LOTHR,90+ DAYS P/D OTHER LNS-LOSS SH RATIO
P9LREAG,90+ DAY P/D RE FARM-LOSS SH
P9LREAGR,90+ DAY P/D RE FARM-LOSS SH RATIO
P9LRECON,90+ D P/D CONSTRUCTION -LOSS SH
P9LRECONR,90+ D P/D CONSTRUCTION -LOSS SH RATIO
P9LREMUL,90+ DAY P/D MULTIFAM - LOSS SH
P9LREMULR,90+ DAY P/D MULTIFAM - LOSS SH RATIO
P9LRENRS,90+ D P/D NFNR - LOSS SHARE
P9LRENRSR,90+ D P/D NFNR - LOSS SH RATIO
P9LRERES,90+ D P/D 1-4 FAMILY - LOSS SH
P9LRERESR,90+ D P/D 1-4 FAMILY - LOSS SH RATIO
P9LS,90+ DAYS P/D-LEASES
P9LSR,90+ DAYS P/D-LEASES RATIO
P9LTOT,90+ D P/D TOTAL LOANS - LOSS SH
P9LTOTR,90+ D P/D TOTAL LOANS - LOSS SH RATIO
P9OTHLN,90+ DAYS P/D-ALL OTHER LOANS
P9OTHLNR,90+ DAYS P/D-ALL OTHER LOANS RATIO
P9RE,90+ DAYS P/D-REAL ESTATE LOANS
P9RER,90+ DAYS P/D-REAL ESTATE RATIO
P9REAG,90+ DAYS P/D-RE*FARMLAND
P9REAGR,90+ DAYS P/D-RE*FARMLAND
P9RECNFM,90+ DAYS P/D 1-4 FAM CONSTRUC LN
P9RECNFMR,90+ DAYS P/D 1-4 FAM CONSTRUC LN RATIO
P9RECNOT,90+ DAYS P/D OTHER CONSTR & LAND
P9RECNOTR,90+ DAYS P/D OTHER CONSTR & LAND RATIO
P9RECONS,90+ DAYS P/D-RE*CONSTRUCTION
P9RECONSR,90+ DAYS P/D-RE*CONSTRUCTION RATIO
P9REFOR,90 + DAYS P/D-RE*FOREIGN
P9REFORR,90+ DAYS P/D-RE*FOREIGN RATIO
P9RELOC,90+ DAYS P/D-RE*1-4 FAM LINES
P9RELOCR,90+ DAYS P/D-RE*1-4 FAM LINES RATIO
P9REMULT,90+ DAYS P/D-RE*MULTIFAMILY
P9REMULTR,90+ DAYS P/D-RE*MULTIFAMILY RATIO
P9RENRES,90+ DAYS P/D-RE*NONFARM NONRES
P9RENRESR,90+ DAYS P/D-RE*NONFARM NONRES RATIO
P9RENROT,90+ DAYS P/D OTHER NONFRM NONRES
P9RENROTR,90+ DAYS P/D OTHER NONFRM NONRES RATIO
P9RENROW,90+ DAYS P/D 0WN-OCC NONFR NONRS
P9RENROWR,90+ DAYS P/D OWN-OCC NONFR NONRS RATIO
P9RENUS,90+ DAYS P/D-RE*NON-U.S.
P9RENUSR,90+ DAYS P/D-RE*NON-U.S.
P9RERES,90+ DAYS P/D-RE*1-4 FAMILY
P9RERESR,90+ DAYS P/D-RE*1-4 FAMILY RATIO
P9RERSF2,90+ DAYS P/D-RE*1-4 JN LIEN
P9RERSF2R,90+ DAYS P/D-RE*1-4 JN LIEN RATIO
P9RERSFM,90+ DAYS P/D-RE*1-4 IST LIEN
P9RERSFMR,90+ DAYS P/D-RE*1-4 IST LIEN RATIO
P9RSCI,90+ DAY P/D RESTRUCT C&I LN
P9RSCONS,90+ D P/D RESTRUCT CONSTRUCTION
P9RSLNFM,90+ DAYS P/D RESTR LN- 1-4 FAM
P9RSLNFMR,90+ DAYS P/D RESTR LN- 1-4 FAM RATIO
P9RSLNLS,90+ DAY P/D RESTRU LN EXCL 1-4 FM
P9RSLNLSR,90+ DAY P/D RESTRU LN EXCL 1-4 FM RATIO
P9RSLNLT,90+ DAY P/D RESTR LN- TOTAL
P9RSLNLTR,90+ DAY P/D RESTR LN- TOTAL RATIO
P9RSMULT,90+ DAY P/D RESTRUCT MULTIFAM
P9RSNRES,90+ DAY P/D RESTRUCT NFNR LN
P9RSOTH,90+ D P/D RESTRUCT ALL OTH LN
P9SCDEBT,90+ DAYS P/D-DEBT SECURITIES
P9SCDEBTR,90+ DAYS P/D-DEBT SECURITIES RATIO
PARTACQU,PARTICIPATIONS ACQUIRED
PARTCONV,PARTICIPATIONS CONVEYED
PARTCONVR,PARTICIPATIONS CONVEYED RATIO
RB2LNRES,ALLOWANCE FOR L&L IN TIER 2
RB2LNRESR,ALLOWANCE FOR L&L IN TIER 2 RATIO
RBC,RBC-TOTAL-PCA
RBCT1,TIER 1 RBC-PCA
RBCT2,RBC-TIER2-PCA
RBCT2R,RBC-TIER2-PCA RATIO
RBCT1C,RC-R COMMON EQ TIER 1 CAPITAL
RBCT1CER,COMMON EQUITY TIER 1 RATIO
RBCT1J,TIER 1 RBC ADJUSTED LLR - PCA
RBCT1JR,TIER 1 RBC ADJUSTED LLR - PCA RATIO
RBC1AAJ,LEVERAGE RATIO-PCA
RBC1RWAJ,TIER 1 RBC RATIO-PCA
RBCRWAJ,TOTAL RBC RATIO-PCA
REPOPURF,REPURCHASE AGREEMENT-FOR
REPOSLDF,REVERSE REPURCHASE AGREEMENT-FOR
ROEINJR,RETAINED EARNINGS/AVG BK EQUITY
RSCI,RESTRUCTURED LN - C&I
RSCONS,RESTRUCTURED LN - CONSTRUCTION
RSLNLS,RESTRUCTURED LN EXCL 1-4 FM
RSLNLSR,RESTRUCTURED LN EXCL 1-4 FM RATIO
RSLNLTOT,RESTRUCTURED LOANS - TOTAL
RSLNLTOTR,RESTRUCTURED LOANS - TOTAL RATIO
RSLNREFM,RESTRUCTURED LOANS - 1-4 FAMILY
RSLNREFMR,RESTRUCTURED LOANS - 1-4 FAMILY RATIO
RSMULT,RESTRUCTURED LN - MULTIFAMILY
RSNRES,RESTRUCT LN - NONFARM NONRES
RSOTHER,RESTRUCTURED LN - ALL OTHER
RSSDID,FEDERAL RESERVE ID NUMBER
RT,INTEREST RATE-TOTAL CONTRACTS
RTFFC,INT RATE-FUTURES & FORWARD CONTR
RTNVS,INT RATE-SWAPS
RTPOC,INT RATE-PUR OPTION CONTRACTS
RTWOC,INT RATE-WRITTEN OPTION CONTRACT
RWAJ,RWA-ADJUST-PCA-T1 & CET1 RATIO
RWAJT,RWA-ADJUSTED-PCA-TOTAL RBC RAT
RWAJTR,RWA-ADJUSTED-PCA-TOTAL RBC RAT RATIO
SCABS,ABS-TOTAL-B/S
SCABSR,ABS-TOTAL-B/S RATIO
SCAF,SECURITIES-AF
SCAFR,SECURITIES-AF RATIO
SCAOT,U.S. AGENCY ALL OTH
SCCMMB,COMMERCIAL MBS - TOTAL
SCCMOG,OTHER COMMERCIAL MBS-GOVT
SCCMOGR,OTHER COMMERCIAL MBS-GOVT RATIO
SCCMOT,OTHER COMMERCIAL MBS
SCCMOTR,OTHER COMMERCIAL MBS RATIO
SCCMPT,COMMERCIAL MBS PASS-THROUGH
SCCMPTR,COMMERCIAL MBS PASS-THROUGH RATIO
SCCOL,U.S. AGENCY COLLATERAL MTG-RES
SCCOLR,U.S. AGENCY COLLATERAL MTG-RES RATIO
SCCPTG,COMM MBS PASS-THRU-GOVT
SCCPTGR,COMM MBS PASS-THRU-GOVT RATIO
SCEQFV,EQ SEC READILY DET FV
SCEQFVR,EQ SEC READILY DET FV RATIO
SCFMN,U.S. AGENCY ISSUED*FNMA-RES
SCFMNR,U.S. AGENCY ISSUED*FNMA-RES RATIO
SCGNM,U.S. AGENCY GTY BY GNMA
SCGNMR,U.S. AGENCY GTY BY GNMA RATIO
SCGTY,U.S. AGENCY ISSUED OR GTY-RES
SCGTYR,U.S. AGENCY ISSUED OR GTY-RES RATIO
SCHA,SECURITIES-HA
SCHAR,SECURITIES-HA RATIO
SCHTMRES,LESS ALLOW FOR CREDIT LOSSES ON HELD TO MATURITY DEBT SECURITIES
SCHTMRESR,LESS ALLOW FOR CREDIT LOSSES ON HELD TO MATURITY DEBT SECURITIES RATIO
SCLENT,SECURITIES LENT
SCLENTR,SECURITIES LENT RATIO
SCNM1T3,NONMTG DEBT SEC * 1-3 YEARS
SCNM1T3R,NONMTG DEBT SEC * 1-3 YEARS RATIO
SCNM3LES,NONMTG DEBT SEC*3 MONS OR LESS
SCNM3LESR,NONMTG DEBT SEC*3 MONS OR LESS RATIO
SCNM3T5,NONMTG DEBT SEC * 3-5 YEARS
SCNM3T5R,NONMTG DEBT SEC * 3-5 YEARS RATIO
SCNM3T12,NONMTG DEBT SEC * 3-12 MONTHS
SCNM3T12R,NONMTG DEBT SEC * 3-12 MONTHS RATIO
SCNM5T15,NONMTG DEBT SEC * 5-15 YEARS
SCNM5T15R,NONMTG DEBT SEC * 5-15 YEARS RATIO
SCNMOV15,NONMTG DEBT SEC * OVER 15 YEARS
SCNMOV15R,NONMTG DEBT SEC * OVER 15 YEARS RATIO
SCO3YLES,OTH MORTGAGE SEC * 3 YR OR LESS
SCO3YLESR,OTH MORTGAGE SEC * 3 YR OR LESS RATIO
SC1LES,Fixed and floating rate debt securities (included above) with remaining maturity of one year or less
SC1LESR,Fixed and floating rate debt securities (included above) with remaining maturity of one year or less ratio
SCODOT,OTH DOM DEBT*ALL OTHER
SCODOTR,OTH DOM DEBT*ALL OTHER RATIO
SCODPI,CMO PRIV ISSUED
SCODPIR,CMO PRIV ISSUED RATIO
SCOOV3Y,OTH MORTGAGE SEC * OVER 3 YRS
SCOOV3YR,OTH MORTGAGE SEC * OVER 3 YRS RATIO
SCPLEDGE,PLEDGED SECURITIES
SCPLEDGER,PLEDGED SECURITIES RATIO
SCPT1T3,MTG PASS-THRU SEC * 1-3 YEARS
SCPT1T3R,MTG PASS-THRU SEC * 1-3 YEARS RATIO
SCPT3LES,MTG PASS-THRU SEC*3 MON OR LESS
SCPT3LESR,MTG PASS-THRU SEC*3 MON OR LESS RATIO
SCPT3T5,MTG PASS-THRU SEC * 3-5 YEARS
SCPT3T5R,MTG PASS-THRU SEC * 3-5 YEARS RATIO
SCPT3T12,MTG PASS-THRU SEC * 3-12 MONTHS
SCPT3T12R,MTG PASS-THRU SEC * 3-12 MONTHS RATIO
SCPT5T15,MTG PASS-THRU SEC * 5-15 YEARS
SCPT5T15R,MTG PASS-THRU SEC * 5-15 YEARS RATIO
SCPTOV15,MTG PASS-THRU SEC * OVER 15 YRS
SCPTOV15R,MTG PASS-THRU SEC * OVER 15 YRS RATIO
SCRDEBT,DEBT SECURITIES
SCRDEBTR,DEBT SECURITIES RATIO
SCSFP,STRUCTURED FIN PROD - TOTAL
SCSFPR,STRUCTURED FIN PROD - TOTAL RATIO
SCSNHAA,STRUCTURED NOTES AMORTIZED COST
SCSNHAAR,STRUCTURED NOTES AMORTIZED COST RATIO
SCSNHAF,STRUCTURED NOTES-FAIR VALUE
SCSNHAFR,STRUCTURED NOTES-FAIR VALUE RATIO
SCSPN,U.S. AGENCY GOVT SPONSORED
SZ30AUTO,30-89 PD LN-SECURITIZATION-AUTO
SZ30AUTOR,30-89 PD LN-SECURITIZATION-AUTO RATIO
SZ30CI,30-89 PD LN-SECURITIZATION-CI
SZ30CIR,30-89 PD LN-SECURITIZATION-CI RATIO
SZ30CON,30-89 PD LN-SECURITIZATION-CON
SZ30CONR,30-89 PD LN-SECURITIZATION-CON RATIO
SZ30CRCD,30-89 PD LN-SECURITIZATION-CRCD
SZ30CRCDR,30-89 PD LN-SECURITIZATION-CRCD RATIO
SZ30HEL,30-89 PD LN-SECURITIZATION-HEL
SZ30HELR,30-89 PD LN-SECURITIZATION-HEL RATIO
SZ30OTH,30-89 PD LN-SECURITIZATION-OTH
SZ30OTHR,30-89 PD LN-SECURITIZATION-OTH RATIO
SZ30RES,30-89 PD LN-SECURITIZATION -RES
SZ30RESR,30-89 PD LN-SECURITIZATION -RES RATIO
SZ90AUTO,90 + PD LN-SECURITIZATION-AUTO
SZ90AUTOR,90 + PD LN-SECURITIZATION-AUTO RATIO
SZ90CI,90 + PD LN-SECURITIZATION-CI
SZ90CIR,90 + PD LN-SECURITIZATION-CI RATIO
SZ90CON,90 + PD LN-SECURITIZATION-CON
SZ90CONR,90 + PD LN-SECURITIZATION-CON RATIO
SZ90CRCD,90 + PD LN-SECURITIZATION-CRCD
SZ90CRCDR,90 + PD LN-SECURITIZATION-CRCD RATIO
SZ90HEL,90+ PD LN-SECURITIZATION-HEL
SZ90HELR,90+ PD LN-SECURITIZATION-HEL RATIO
SZ90OTH,90 + PD LN-SECURITIZATION-OTH
SZ90OTHR,90 + PD LN-SECURITIZATION-OTH RATIO
SZ90RES,90 + PD LN-SECURITIZATION-RES
SZ90RESR,90 + PD LN-SECURITIZATION-RES RATION
SZCRAUTO,REC ASSET SECURITIZATION-AUTO
SZCRAUTOR,REC ASSET SECURITIZATION-AUTO
SZCRCDFE,OUTSTDG CC FEES IN SECURITZD CC
SZCRCDFER,OUTSTDG CC FEES IN SECURITZD CC RATIO
SZCRCI,REC ASSET SECURITIZATION-CI
SZCRCIR,REC ASSET SECURITIZATION-CI RATIO
SZCRCON,REC ASSET SECURITIZATION-CON
SZCRCONR,REC ASSET SECURITIZATION-CON RATIO
SZCRCRCD,REC ASSET SECURITIZATION - CRCD
SZCRCRCDR,REC ASSET SECURITIZATION - CRCD RATIO
SZCRHEL,RE PRIN SEC ASSET SOLD-HEL
SZCRHELR,RE PRIN SEC ASSET SOLD-HEL RATIO
SZCROTH,REC ASSET SECURITIZATION-
SZCROTHR,REC ASSET SECURITIZATION- RATIO
SZCRRES,REC ASSET SECURITIZATION-RES
SZCRRESR,REC ASSET SECURITIZATION-RES RATIO
SZDRAUTO,C/O ON ASSET SECURITIZATION-AUTO
SZDRAUTOR,C/O ON ASSET SECURITIZATION-AUTO RATIO
SZDRCI,C/O ON ASSET SECURITIZATION-CI
SZDRCIR,C/O ON ASSET SECURITIZATION-CI RATIO
SZDRCON,C/O ON ASSET SECURITIZATION-CON
SZDRCONR,C/O ON ASSET SECURITIZATION-CON RATIO
SZDRCRCD,C/O ON ASSET SECURITIZATION-CRCD
SZDRCRCDR,C/O ON ASSET SECURITIZATION-CRCD RATIO
SZDRHEL,C/O ON ASSET SECURITIZATION-HEL
SZDRHELR,C/O ON ASSET SECURITIZATION-HEL RATIO
SZDROTH,C/O ON ASSET SECURITIZATION-OTH
SZDROTHR,C/O ON ASSET SECURITIZATION-OTH RATIO
SZDRRES,C/O ON ASSET SECURITIZATION-RES
SZISLAUT,CR EXP ON SECURITIZATN - AUTO
SZISLAUTR,CR EXP ON SECURITIZATN - AUTO RATIO
SZISLCCD,CR EXP ON SECURITIZATN - CRCD
SZISLCCDR,CR EXP ON SECURITIZATN - CRCD RATIO
SZISLCI,CR EXP ON SECURITIZATN -CI
SZISLCIR,CR EXP ON SECURITIZATN -CI RATIO
SZISLCON,CR EXP ON SECURITIZATN - CON
SZISLCONR,CR EXP ON SECURITIZATN - CON RATIO
SZISLHEL,CR EXP ON SECURITIZATN - HEL
SZISLHELR,CR EXP ON SECURITIZATN - HEL RATIO
SZISLOTH,CR EXP ON SECURITIZATN -OTH
SZISLOTHR,CR EXP ON SECURITIZATN -OTH RATIO
SZISLRES,CR EXP ON SECURITIZATION RES
SZISLRESR,CR EXP ON SECURITIZATION RES RATIO
SZLAUTO,RE PRIN SEC ASSET SOLD - AUTO
SZLAUTOR,RE PRIN SEC ASSET SOLD - AUTO RATIO
SZLNCI,RE PRIN SEC ASSET SOLD - CI
SZLNCIR,RE PRIN SEC ASSET SOLD - CI RATIO
SZLNCON,RE PRIN SEC ASSET SOLD - CONS
SZLNCONR,RE PRIN SEC ASSET SOLD - CONS RATIO
SZLNCRCD,RE PRIN SEC ASSET SOLD - CRCD
SZLNCRCDR,RE PRIN SEC ASSET SOLD - CRCD RATIO
SZLNHEL,RE PRIN SEC ASSET SOLD - HEL
SZLNHELR,RE PRIN SEC ASSET SOLD - HEL RATIO
SZLNOTH,RE PRIN SEC ASSET SOLD - OTH
SZLNOTHR,RE PRIN SEC ASSET SOLD - OTH RATIO
SZLNRES,RE PRIN SEC ASSET SOLD-RES
SZLNRESR,RE PRIN SEC ASSET SOLD-RES RATIO
SZUCAUTO,COMMITS FOR LIQUIDITY - AUTO
SZUCCI,COMMITS FOR LIQUIDITY - CI
SZUCCON,COMMITS FOR LIQUIDITY - CON
SZUCCRCD,COMMITS FOR LIQUIDITY - CRCD
SZUCHEL,COMMITS FOR LIQUIDITY - HEL
SZUCOTH,COMMITS FOR LIQUIDITY - OTH
SZUCRES,COMMITS FOR LIQUIDITY - RES
TCAMA,CORP TRUST-MANAGED-AMT
TCAMANUM,CORP TRUST-MANAGED-NUM
TCANMA,CORP TRUST-NON-MANAGED-AMT
TCANMNUM,CORP TRUST-NON-MANAGED-NUM
TCANUM,CORP TRUST-TRUSTEESHIPS-NUM
TCANUMD,CORP & MUNI-TRUSTEE-DEFAULT-NUM
TCAPAO,CORP TRUST-TRUSTEESHIPS-AMT
TCAPAOD,CORP & MUNI-TRUSTEE-DEFAULT-AMT
TCATNUM,CORP TRUST-TRANSFER-NUM
TCDEMV,CIFS -DOM EQUITY-AMT
TCDENUM,CIFS -DOM EQUITY-NUM
TCIEMV,CIFS -INTL/GLOBAL-EQ-AMT
TCIENUM,CIFS -INTL/GLOBAL-EQ-NUM
TCMBMV,CIFS-MUNICIPAL BOND-AMT
TCMBNUM,CIFS-MUNICIPAL BOND-NUM
TCSBMV,CIFS -STOCK/BOND-AMT
TCSBNUM,CIFS -STOCK/BOND-NUM
TCSNMA,CUST AND SAFE ACCT-NON-MAN-AMT
TCSNMNUM,CUST AND SAFE ACCT-NON-MAN-NUM
TCSOMV,CIFS-SPECIALTY/OTHER-AMT
TCSONUM,CIFS-SPECIALTY/OTHER-NUM
TCSTMV,CIFS-SHORT TERM INV-AMT
TCSTNUM,CIFS-SHORT TERM INV-NUM
TCTBMV,CIFS - TAXABLE BOND-AMT
TCTBNUM,CIFS - TAXABLE BOND-NUM
TCTOTMV,CIFS-TOTAL-AMT
TCTOTNUM,CIFS-TOTAL-NUM
TEBMA,EMP BENE-DEF BENE-MANAGE-AMT
TEBMANUM,EMP BENE-DEF BENE-MANAGED-NUM
TEBNMA,EMP BENE-DEF BENE-NON-MAN-AMT
TEBNMNUM,EMP BENE-DEF BENE-NON-MAN-NUM
TECMA,EMP BENE-CONTRIB-MANAGED-AMT
TECMANUM,EMP BENE-CONTRI-MANAGED-NUM
TECNMA,EMP BENE-CONTRI-NON-MAN-AMT
TECNMNUM,EMP BENE-CONTRI-NON-MANAGE-NUM
TECPS,EMP BEN & RET TR - COM & PF STK
TEEQF,EMP BEN & RET TR - EQ MUT FUND
TEI,EMP BEN & RET TR - INT BEARING
TEMATOT,EMP BEN & RET TR-TOT MANAGE AST
TEMISC,EMP BEN & RET TR - MISC ASSET
TEMMF,EMP BEN & RET TR - MONEY MKT
TENI,EMP BEN & RET TR - NONINT BEAR
TEOTHB,EMP BEN & RET TR-OTH NOTE & BND
TEOTHF,EMP BEN & RET TR - OTH MUT FUND
TERE,EMP BEN & RET TR - REAL ESTATE
TEREMTG,EMP BEN & RET TR - RE MTG
TESCMUN,EMP BEN & RET TR - MUNI
TESCUS,EMP BEN & RET TR -U.S TREAS & OB
TESTO,EMP BEN & RET TR - SHRT TERM OB
TETOT,EXPENSE FIDUCIARY - YTD
TETRF,EMP BEN & RET TR - TRUST FUND
TEUF,EMP BEN & RET TR - UNREG FUNDS
TFEMA,FOUNDATION & ENDOW-MANAGED-AMT
TFEMANUM,FOUNDATION & ENDOW-MANAGED-NUM
TFENMA,FOUNDATION & END-NON-MANAGE-AMT
TFENMNUM,FOUNDATION & END-NON-MANAGE-NUM
TICA,GR.INC-CORP TRUST & AGENCY-YTD
TICS,GR.INC-CUSTODY-YTD
TIEB,GR.INC-EMP. BENEFIT-BENEFIT-YTD
TIEC,GR.INC-EMP. BENEFIT- CONTRI-YTD
TIFE,GR. INC- FOUNDATION & ENDOW-YTD
TIMA,GR.INC - INVESTMENT AGCY - YTD
TIMMA,INVESTMENT AGENCY-MANAGED-AMT
TIMMANUM,INVESTMENT AGENCY-MANAGED-NUM
TIMNMA,INVESTMENT AGCY NON-MANAGED-AMT
TIMNMNUM,INVESTMENT AGCY NON-MANAGED-NUM
TINTRA,INTRACOMPANY INC FIDUCIARY-YTD
TIOF,GR.INC-OTHER FIDUCIARY-YTD
TIOR,GR.INC-OTHER RETIREMENT -YTD
TIP,GR.INC-PERSONAL & AG ACCTS-YTD
TIR,GR.INC-RELATED SERV-YTD
TITOTF,TOT FOREIGN OFF GROSS FIDUC-YTD
TMAF,FIDUCIARY FGN OFF-MANAGED-AMT
TMAFNUM,FIDUCIARY FGN OFF-MANAGED-AMT
TMASMF,ADVISED/SPONSORED MUT FND -AMT
TMASMFN,ADVISED/SPONSORED MUTAL FND-NUM
TNI,NET FIDUCIARY INCOME -YTD
TNL,NET LOSS FROM FIDUCIARY-YTD
TNMAF,FIDUCIARY FGN OFF-NON-MAN-AMT
TNMNUMF,FIDUCIARY FGN OFF-NON-MAN-NUM
TOCPS,ALL OTH MAN ASSET-COM & PFD STK
TOEQF,ALL OTH MANAGE AST - EQ MUT FND
TOFMA,OTH FIDUCIARY-MANAGED-AMT
TOFMANUM,OTH FIDUCIARY-MANAGED-NUM
TOFNMA,OTH FIDUCIARY NON-MANAGED-AMT
TOFNMNUM,OTH FIDUCIARY-NON-MANAGED-NUM
TOI,ALL OTH MANAGE ASSET - INT BEAR
TOMATOT,ALL OTHER MANAGED ASSET- TOTAL
TOMISC,ALL OTH MAN ASSET - MISC ASSET
TOMMF,ALL OTH MANAGE AST - MONEY MKT
TONI,ALL OTH MAN ASSET - NONINT BEAR
TOOTHB,ALL OTH MAN AST -OTH NOTE & BND
TOOTHF,ALL OTH MAN ASSET - OTH MUT FND
TORE,ALL OTH MAN ASSET - REAL ESTATE
TOREMTG,ALL OTHER MANAGE ASSET - RE MTG
TORMA,OTH RETIREMENT-MANAGED-AMT
TORMANUM,OTH RETIREMENT-MANAGED-NUM
TORNMA,OTH RETIREMENT-NON-MAN-AMT
TORNMNUM,OTH RETIREMENT-NON-MAN-NUM
TOSCMUN,ALL OTHER MANAGED ASSET - MUNI
TOSCUS,ALL OTH MAN AST-U.S. TREAS & OB
TOSTO,ALL OTH MAN AST - SHRT TERM OBL
TOTRF,ALL OTH MAN ASSET - TRUST FUND
TOUF,ALL OTH MAN ASSET - UNREG FUNDS
TPICPS,PER TR & INV AGY- COM & PRF STK
TPIEQF,PER TR & INV AGY - EQ MUT FUND
TPII,PER TR & INV AGY - INT BEARING
TPIMATOT,PER TR & INV AGY-TOT MANAGE AST
TPIMISC,PER TR & INV AGY - MISC
TPIMMF,PER TR & INV AGY - MONEY MKT
TPINI,PER TR & INV AGY-NONINT BEARING
TPIOTHB,PER TR & INV AGY-OTH NOTE & BND
TPIOTHF,PER TR & INV AGY - OTH MUT FUND
TPIRE,PER TR & INV AGY - REAL ESTATE
TPIREMTG,PER TR & INV AGY - RE MTG
TPISCMUN,PER TR & INV AGY - MUNI
TPISCUS,PER TR & INV AGY-U.S TREAS & OB
TPISTO,PER TR & INV AGY - SHRT TERM OB
TPITRF,PER TR & INV AGY - TRUST FUND
TPIUF,PER TR & INV AGY- UNREG FUNDS
TPMA,MANAGED ASSET-PER & AGEN-AMT
TPMANUM,MANAGED ASSET - PER&AGEN-NUM
TPNMA,NON-MANAGED - PER&AGEN-AMT
TPNMNUM,NON-MANAGED ASSET-PER&AGEN-NUM
TREXER,TRUST POWERS EXERCISED
TRFOR,TRADING ACCOUNTS-FOR
TRHMA,IRA
TRHMANUM,IRA
TRHNMA,IRA
TRHNMNUM,IRA
TRLREVAL,TRADE-DERIVATIVES NEG VAL
TRLREVALR,TRADE-DERIVATED NEG VAL RATIO
TRNCBO,TRANSACTION-COM BKS& OTHER
TRNCBOR,TRANSACTION-COM BKS& OTHER RATIO
TRNFC,TRANSACTION-FOR COUNTRY
TRNFCFG,TRANSACTION-FOR COUNTRY & GOVT
TRNFCFGR,TRANSACTION-FOR COUNTRY & GOVT RATIO
TRNFG,TRANSACTION-FOREIGN GOVERNMENT
TRNNIA,"AMT NON-INTEREST BEARING TRANSACTION ACC MORE THAN $250,000"
TRNNIAR,"AMT NON-INTEREST BEARING TRANSACTION ACC MORE THAN $250,000"
TRNNIN,"NUM NON-INTEREST BEARING TRANSACTION ACC MORE THAN $250,000"
TRPOWER,INSTITUTION HAS TRUST POWER
TRREVALD,TRADE-DERIV POS VAL-DOM
TRREVALF,TRADE-DERIV POS VALUE-FOR
TRREVALSUM,REVALUATION GAINS ON OFF-BALANCE SHEET CONTRACTS
TRREVALSUMR,REVALUATION GAINS ON OFF-BALANCE SHEET CONTRACTS RATIO
TTMA,TOT FIDUCIARY ACCTS-MAN-AMT
TTNANUM,TOT FIDUCIARY ACCTS-MAN-NUM
TTNMA,TOT FIDUCIARY ACCTS-NON-MAN-AMT
TTNMNUM,TOT FIDUCIARY ACCTS-NON-MAN-NUM
UC,UNUSED COMMIT-TOTAL
UCR,UNUSED COMMIT-TOTAL RATIO
UCCOMRE,UNUSED COMMIT-COM RE
UCCOMRER,UNUSED COMMIT-COM RE RATIO
UCCOMRES,UNUSED COMMIT-SECURED COM RE
UCCOMRESR,UNUSED COMMIT-SECURED COM RE RATIO
UCCOMREU,UNUSED COMMIT-UNSECURED COM RE
UCCOMREUR,UNUSED COMMIT-UNSECURED COM RE RATIO
UCCRCD,UNUSED COMMIT-CREDIT CARD LINES
UCCRCDR,UNUSED COMMIT-CREDIT CARD LINES RATIO
UCLN,UNUSED COMMIT-TOTAL LOANS
UCLOC,UNUSED COMMIT-HOME EQUITY LINES
UCLOCR,UNUSED COMMIT-HOME EQUITY LINES RATIO
UCOTHER,UNUSED COMMIT-ALL OTHER
UCOTHERR,UNUSED COMMIT-ALL OTHER RATIO
UCOVER1,UNUSED COM-OVER 1 YR-RC-R COL A
UCOVER1R,UNUSED COM-OVER 1 YR-RC-R COL A RATIO
UCSC,UNUSED COMMIT-SEC UNDERWRITING
UCSCR,UNUSED COMMIT-SEC UNDERWRITING RATIO
UCSZAUTO,UNUSED COMMIT FOR SECUR. - AUTO
UCSZCI,UNUSED COMMIT FOR SECUR. - CI
UCSZCON,UNUSED COMMIT FOR SECUR. - CON
UCSZCRCD,UNUSED COMMIT FOR SECUR. - CRCD
UCSZHEL,UNUSED COMMIT FOR SECUR. - HEL
UCSZOTH,UNUSED COMMIT FOR SECUR. - OTH
UCSZRES,UNUSED COMMIT FOR SECUR. - RES
UNINCFOR,UNEARNED INCOME-FOR
UNINCFORR,UNEARNED INCOME-FOR RATIO
VOLIAB,VOLATILE LIABILITIES
VOLIABR,VOLATILE LIABILITIES RATIO
ZIP,ZIP CODE
LIPNMTG,NONMORTGAGE LOANS IN PROCESS
UYANMTG,UNAMORTIZED YIELD ADJ-NONMTG LNS
ILNLS,LOAN & LEASE INCOME
UNIT,BANKS UNIT
PTAXNETINC,PRE-TAX NET INCOME OPERATING INCOME
PTAXNETINCR,PRE-TAX NET INCOME OPERATING INCOME RATIO
PTAXNETINCQ,PRE-TAX NET INCOME OPERATING INCOME QUARTERLY
PTAXNETINCQR,PRE-TAX NET INCOME OPERATING INCOME QUARTERLY RATIO
ADDNONII,ADDITIONAL NONINTEREST INCOME
ADDNONIIR,ADDITIONAL NONINTEREST INCOME RATIO
ADDNONIIQ,ADDITIONAL NONINTEREST INCOME QUARTERLY
ADDNONIIQR,ADDITIONAL NONINTEREST INCOME QUARTERLY RATIO
AVMMLF,Quarterly average amount of assets purchased under the MMLF and excluded from “Total assets for the leverage ratio.”
AVMMLFR,Quarterly average amount of assets purchased under the MMLF and excluded from “Total assets for the leverage ratio.” ratio
AVPPPPLG,Quarterly average amount of PPP loans pledged to the PPPLF and excluded from “Total assets for the leverage ratio.”
AVPPPPLGR,Quarterly average amount of PPP loans pledged to the PPPLF and excluded from “Total assets for the leverage ratio.” ratio
MMLFBAL,Outstanding balance of assets purchased under the Money Market Mutual Fund Liquidity Facility (MMLF).
MMLFBALR,Outstanding balance of assets purchased under the Money Market Mutual Fund Liquidity Facility (MMLF) ratio
PPPLFOV1,Outstanding balance under the PPPLF with a remaining maturity of more than one year
PPPLFOV1R,Outstanding balance under the PPPLF with a remaining maturity of more than one year ratio
PPPLNBAL,Outstanding balance of PPP loans
PPPLNBALR,Outstanding balance of PPP loans ratio
PPPLNNUM,Number of PPP loans outstanding
PPPLNNUMR,Number of PPP loans outstanding ratio
PPPLNPLG,Outstanding balance of PPP loans pledged to the PPPLF
PPPLNPLGR,Outstanding balance of PPP loans pledged to the PPPLF ratio
PPPLF1LS,Outstanding balance under the PPPLF with a remaining maturity of one year or less
PPPLF1LSR,Outstanding balance under the PPPLF with a remaining maturity of one year or less ratio
IDNTCIR,COMMERCIAL & INDUSTRIAL LOANS
IDNTCIQR,COMMERCIAL & INDUSTRIAL LOANS QUARTERLY
IDNTCONR,LOANS TO INDIVIDUALS
IDNTCRDR,CREDIT CARDS & RELATED PLANS
IDNTCOOR,OTHER LOANS TO INDIVIDUALS
IDNTCOOQR,OTHER LOANS TO INDIVIDUALS
IDNTCRDQR,CREDIT CARDS & RELATED PLANS QUARTERLY
INSTCNT,null
IDNTILR,null
IDOTHNII,null
NTAUTOPR,AUTOMOBILE LOANS
NTCONOTR,OTHER CONSUMER LOANS
IDERNCVR,EARNINGS COVERAGE OF NET LOAN CHARGE-OFFS (X)
IDERNCVQR,Earnings coverage of net loan charge-offs
EQCDIVNTINC,CASH DIVIDENDS TO NET INCOME (YTD ONLY)
NACDIR,NOTIONAL AMOUNT OF CREDIT DERIVATIVES
NTCOMREQR,COMMERCIAL RE CHG-OFF/COMM RE LN QUARTERLY RATIO
NTALLOTHNUM,Net Charge-offs All other loans & leases (including farm) Numerator
NTALLOTHDEN,Net Charge-offs All other loans & leases (including farm) denominator
NTALLOTHR,ALL OTHER LOANS & LEASES (INCLUDING FARM)
NTALLOTHQR,Net Charge-offs All other loans & leases (including farm)
IDNCCOOR,Other loans to individuals
IDNCOTHR,All other loans & leases (including farm )
IDNCCIR,COMMERCIAL & INDUSTRIAL LOANS RATIO
IDNCCONR,LOANS TO INDIVIDUALS RATIO
IDNCCRDR,CREDIT CARDS & RELATED PLANS RATIO
IDNCATOR,AUTOMOBILE LOANS RATIO
IDNTATOR,null
IDNTCOTR,null
IDDEPINR,IDDEPINR
IDDIVNIR,null
IDNCCOTR,OTHER CONSUMER LOANS RATIO
INTINCY,INTEREST INCOME TO EARNING ASSETS RATIO
IDNCGTPR,NONCURRENT LOANS WHICH ARE WHOLLY OR PARTIALLY GUARANTEED BY THE U.S. GOVERNMENT RATIO
IDLNCORR,NET LOANS AND LEASES TO CORE DEPOSITS RATIO
IDT1CNOCB,ID NO CB FLAG
IDT1JNOCB,ID NO J CB FLAG
IDT1CER,COMMON EQUITY TIER 1 CAPITAL RATIO
IDT1RWAJR,TIER 1 RISK-BASED CAPITAL RATIO
SCEQNFT,EQUITY SECURITIES NOT HELD FOR TRADING
SCRMBPI,PRIV ISSUED RES MORTGAGE-BACKED SECURITIES
SCRMBPIR,PRIV ISSUED RES MORTGAGE-BACKED SECURITIES RATIO
SCUSO,U.S GOVERNMENT OBLIGATIONS
SCUSOR,U.S GOVERNMENT OBLIGATIONS RATIOS
SCCMOS,OTHER COMM MORTGAGE-BACKED SEC
SCCMOSR,OTHER COMM MORTGAGE-BACKED SEC
SCTATFR,ASSETS HELD IN TRADING ACCOUNTS FOR TFR REPORTERS
LNLSGRS,"LOANS AND LEASES, GROSS"
LNLSGRSR,"LOANS AND LEASES, GROSS RATIO"
AOA,ALL OTH ASSETS
AOAR,ALL OTH ASSETS RATIO
ESTINS,PERCENTAGE INSURED ESTIMATED
ESTINSR,PERCENTAGE INSURED ESTIMATED RATIO
P3RELNDO,P/D 30-89 REAL ESTATE LOANS IN DOMESTIC OFFICES
P3RELNDOR,P/D 30-89 REAL ESTATE LOANS IN DOMESTIC OFFICES RATIO
P9RELNDO,90+ REAL ESTATE LOANS IN DOMESTIC OFFICES
P9RELNDOR,90+ REAL ESTATE LOANS IN DOMESTIC OFFICES RATIO
NARELNDO,90+ REAL ESTATE LOANS IN DOMESTIC OFFICES
NARELNDOR,90+ REAL ESTATE LOANS IN DOMESTIC OFFICES RATIO
STCNTY,State and County Nunber
CBSA,Metropolitan Statistical Area
INSDATE,Date of Deposit Insurance
UPDDATE,Last Structure Change Process Date
ASSETR,Total Assets Ratio
AVASSET,AVG TOTAL ASSETS
BROINSLG,BROKERED DEP-INSURED-LARGE
CT1AJTOT,RC-R TOTAL ADJ & DED COM EQ T1
CT1BADJ,RC-R COM EQUITY T1 BEFORE ADJ
DEP2,TOTAL DEPOSITS-CAVG2
DEP5,TOTAL DEPOSITS-CAVG5
DEPIY1,INTEREST-BEARING-DEP-Y1
ECD100,INT EXPENSE TIME CD GT $250
ECD100A,INT EXP TIME CD GT $250
ECD100Q,INT EXP TIME CD GT $250
EFREPPA,FED FUNDS & REPO INT EXPENSE-ANN
EOTHTIMA,INT EXP TIME CD LE $250
EOTHTIME,INT EXPENSE TIME CD LE $250
EOTHTIMQ,INT EXP TIME CD LE $250
EQUPGR,UNDIVIDED PROFITS
ESAVDP,NONTRANSACTION SAV ACCTS INT EXP
ESAVDPA,NONTRANSACT SAV ACCT INT EXT-ANN
ESAVDPQ,NONTRANSACT SAV ACCT INT EXP-QTR
ESUBNDA,SUBORDINATED NOTES INT EXP-ANN
ETRANDEP,TRANSACTION ACCOUNTS INT EXPENSE
ETRANDPA,TRANSACTION ACCOUNTS INT EXP-ANN
ETRANDPQ,TRANSACTION ACCOUNTS INT EXP-QTR
ETTLOTBA,TT&L & OTHER BORROW INT EXP-ANN
ETTLOTBQ,TT&L & OTHER BORROW INT EXP-QTR
FFPUR,FEDERAL FUNDS PURCHASED
IBEFTXA,INC BEFORE INC TAXS & DISC-ANN
IGLSCA,AVAILABLE-FOR-SALE SECS G/L
IGLSCAQ,AVAILABLE-FOR-SALE SEC G/L-QTR
IGLSCH,HELD-TO-MATURITY SECS G/L
ILNA,LOAN INCOME-ANN
ILNLSA,LOAN & LEASE INCOME-ANN
ILNLSQ,LOAN & LEASE INCOME-QTR
ILNLSXA,TAX-EXEMPT LN & LS INT INC-ANN
ILNLSXQ,TAX-EXEMPT LN & LS INT INC-QTR
ILNMUNIQ,MUNICIPAL LOAN INCOME-QTR
ILNQ,LOAN INCOME-QTR
ISCA,TOTAL SECURITY INCOME-ANN
ISERCHGA,SERVICE CHARGE ON DEP ACCTS-ANN
ITAXA,APPLICABLE INCOME TAXES-ANN
ITAXQA,APPLICABLE INCOME TAXES-QTR-ANN
LNCDT1R,CONSTR & LAND DEV LNS/TIER 1
LNCIT1R,C&I LOANS/TIER 1
LNCONT1R,CONSUMER LOANS/TIER 1
LNLSRES,ALLOWANCE FOR LOAN AND LEASES
LNREAG5,RE AGRICULTURAL-CAVG5
LNRERT1R,RE LOANS/TIER 1
NCREAG,TOTAL N/C-RE*FARMLAND
NCRECNFM,N/C 1-4 FAMILY CONSTRUCTION LOAN
NCRECNOT,N/C OTHER CONSTRUCT & LAND DEV
NCRENROT,N/C OTHER NONFARM NONRES RE LN
NCRENROW,N/C OWN-OCCUPIED NONFARM NONRES
NCRERS2R,N/C 1-4 FAM JR LN/1-4 FAM JR LN
NCRERSF2,N/C RE 1-4 FAM JUNIOR LIEN
NCRERSFM,N/C RE 1-4 FAM FIRST LIEN
NCRERSFR,N/C 1-4 FAM 1STLN/1-4 FAM IST LN
NCRSLNLS,NC RESTRUCT LOANS EXCL 1-4 FM
NOIQ,NET OPERATING INCOME-QTR
NTAGQA,AG LOAN NET CHARGE-OFFS-QTR-ANN
NTAGSMA,AG LN NET CHARGE-OFFS ANN*SM BKS
NTAGSMQA,AG LOAN NET-CHG-QTR-ANN*SMALL BK
NTCIQA,COMMERCIAL LOAN NET-CHG-QTR-ANN
NTCOMRE,COMMERCIAL RE LN NET CHARGE-OFFS
NTCOMRQA,COMML RE NET-CHARGE-OFF-QTR-ANN
NTCONQA,CONSUMER LN NET-CHG-QTR-ANN
NTCRCDQA,CREDIT CARD LN NET-CHG-QTR-ANN
NTIRTQ,RETAINED EARNINGS- BANK- QTR
NTRCDSMJ,Time Deposits Less Than Or Equal To insurance Limit
NTREAGA,FARMLAND RE LN NET-CHG-ANN
NTREAGQA,FARM RE LN NET CHRG-OFF-QTR-ANN
OBOR,OTHER BORROWED FUNDS
OBOR2,OTHER BORROWED FUNDS-CAVG2
OBOR5,OTHER BORROWED FUNDS-CAVG5
OTHBFH03,OTH BOR FHLB-OVER 3 YRS
OTHBFH13,OTH BOR. FHLB-1 TO 3 YRS
P3COMRE,30-89 DAYS P/D-COMMERCIAL RE
P3RECONR,30-89 PAST DUE CONST RE/CONST RE
P3RERS2R,30-89 P/D 1-4FAM JR/1-4 FAM JR
RBCEQUP,RETAINED EARNINGS - RBC
RBCT1W,TIER 1 CAPITAL - REPORTED
REPOPUR,REPURCHASE AGREEMENTS
SC2,SECURITIES-CAVG2
SC5,SECURITIES-CAVG5
SCMUNIAA,MUNICIPAL SECURITIES -AA
SCMUNIAF,MUNICIPAL SECURITIES -AF
SCMUNIHA,MUNICIPAL SECURITIES -HA
SCMUNIHF,MUNICIPAL SECURITIES -HF
